"","Gene_name","NB.H6_logFC","NB.H6_logCPM","NB.H6_LR","NB.H6_PValue","NB.H6_FDR"
"ENSMUSG00000006435","Gm27549",-1.1328617966846,2.59850023013316,18.1367444663892,2.0559558082429e-05,0.0011155714704427
"ENSMUSG00000035456","Gm47870",-1.11290004662715,1.62122906626314,8.47450854878868,0.00360157671414306,0.0409996072804112
"ENSMUSG00000035513","Gm42803",-1.11585047271489,4.12046854657734,21.9561185779276,2.78956127949662e-06,0.000256625477504149
"ENSMUSG00000035557","Gm45512",1.5608865369128,7.10661776847689,15.9407835263089,6.53552175181497e-05,0.00259175625181932
"ENSMUSG00000035681","Olfr1217",-1.10456102328708,1.33283893593573,9.92383599978809,0.00163151994106442,0.0242360949933692
"ENSMUSG00000035852","1700052K11Rik",1.16375562452213,3.6273973226524,11.2354331347094,0.000802503757358928,0.0146610641074757
"ENSMUSG00000035864","Mansc4",-1.12318393873834,6.37578872534544,20.6741592130663,5.44458411525124e-06,0.000423485827985829
"ENSMUSG00000035964","Unc93a",-1.11855429030124,2.97604440310747,12.2996265304552,0.000453048939264131,0.0100693594490351
"ENSMUSG00000036062","Gm28342",-1.16685510033872,2.27051061306519,21.2637113551925,4.00237115027081e-06,0.000340539776320929
"ENSMUSG00000006542","Gm25540",-1.60616202646119,-0.364109262732782,15.2977464908203,9.18259904693665e-05,0.00331831112939019
"ENSMUSG00000036295","Gm28113",-1.22120587153164,1.28389657736715,11.778027150374,0.000599339691451385,0.0120173448734485
"ENSMUSG00000036395","Gm14995",-1.27189744864217,4.36936623625722,23.7440681723577,1.10033978760809e-06,0.000115938709132683
"ENSMUSG00000036469","Gm49046",-1.03073506054568,2.62339383680088,10.027483028753,0.00154221633817146,0.023252567967289
"ENSMUSG00000036510","Gm10512",-1.67181587370815,-0.188242360482019,11.2910309678384,0.000778824207129846,0.0143005381011289
"ENSMUSG00000036523","Phf11c",-1.06011181233213,2.97823236700677,13.9459290366265,0.000188144651568601,0.00558725049529804
"ENSMUSG00000036800","1700029J07Rik",-2.46144689481806,1.15159999922204,27.2569064595341,1.78137684591948e-07,2.88249040880346e-05
"ENSMUSG00000036902","Polr2f",-1.20687946934291,0.882260284443677,15.734750171486,7.28730357037484e-05,0.00280995324693411
"ENSMUSG00000036907","Gm6726",-1.42971960318507,1.15651314081998,9.82437282893225,0.00172214413850164,0.0251291612093922
"ENSMUSG00000036913","Gm37201",-1.17686418211772,1.36881440419446,10.2022987280119,0.00140265700633432,0.0217453831700571
"ENSMUSG00000036964","Gm49057",-1.20426823775351,1.43315838796543,17.5591784620295,2.78503203786193e-05,0.00138662460500472
"ENSMUSG00000037016","4930434J06Rik",-1.07675830934006,3.67677115951127,9.47831592761398,0.00207914738900708,0.0285937799190815
"ENSMUSG00000037139","Gm15828",-1.51868205513192,-0.47855875513166,11.567469884548,0.000671156800670199,0.0128849308247309
"ENSMUSG00000037161","Gm14681",-1.07979179069462,7.767424020171,8.76242030906656,0.00307500705022148,0.0368095245380947
"ENSMUSG00000037217","Gm49059",-1.13286855401733,2.93620445052257,11.6065333912078,0.000657205375608978,0.0127113479425416
"ENSMUSG00000037224","Gm9195",-1.75976235841656,3.35521295375349,28.9897479151741,7.27623641957657e-08,1.44909046848336e-05
"ENSMUSG00000037341","4933440M02Rik",-1.14481158435265,1.06959941104835,14.7187797149063,0.000124797054031101,0.00411474109466649
"ENSMUSG00000037386","4933436I01Rik",-1.08896345270628,4.56332502660382,18.6394057528668,1.57922372002643e-05,0.000948297546448752
"ENSMUSG00000037465","Gm15711",1.01693597919327,4.05817205626287,25.4181858646785,4.61546555715234e-07,5.84937638407495e-05
"ENSMUSG00000037466","Gm15712",1.01353182114173,2.14079093368095,9.53646389836844,0.00201429447278764,0.0279090663075921
"ENSMUSG00000037492","4930527J03Rik",-1.18386652575581,1.48301907003308,11.9772510406822,0.000538539709732682,0.0111669967499833
"ENSMUSG00000037593","9430034N14Rik",-1.39600661250275,2.71247597801319,21.5885123086838,3.37869461463426e-06,0.000297243118936974
"ENSMUSG00000037628","Gm28042",1.23417546348209,1.73185438046678,12.3230951281805,0.000447388252993459,0.0100366378299356
"ENSMUSG00000000617","Gm23273",-1.90365604820103,3.11275931472421,22.9284580357212,1.68143985326108e-06,0.000166691916604113
"ENSMUSG00000037725","Gm49815",1.02546745291048,1.92354663373447,8.491049377692,0.00356897895147182,0.0407052268958614
"ENSMUSG00000037731","Olfr958",1.35709877193379,1.17210118381324,9.60672806305319,0.00193865755062682,0.0271937235216794
"ENSMUSG00000037747","Gm13414",-1.17994628451211,2.89040974442533,15.1242020514763,0.000100664460171641,0.00350161614527955
"ENSMUSG00000037771","Tor1aip1",-2.00108052331571,1.63105406566366,23.123462191399,1.5192553788258e-06,0.00015381824151095
"ENSMUSG00000037872","Ankrd63",-1.89598591599924,2.36499277680818,23.447297560319,1.28382941402541e-06,0.000133717473967715
"ENSMUSG00000037887","Gm35106",-1.3528133557671,4.61030589133659,20.4347719009729,6.16985274374474e-06,0.000465901005312025
"ENSMUSG00000037996","Veph1",-1.27870779301259,1.58161886240938,12.7057169789624,0.000364539392669465,0.00865864667542426
"ENSMUSG00000038009","Gm12961",-1.42812420447377,-0.288983948368751,11.5812296202501,0.000666208742847208,0.0128035005796606
"ENSMUSG00000038026","Gm12500",-1.71938919369926,2.48012482113201,20.4462732645382,6.13288601853241e-06,0.000465047252359259
"ENSMUSG00000038067","Gm49831",1.46751415681245,-0.0463431799184277,13.1035341225887,0.000294739215088322,0.00760905811260066
"ENSMUSG00000038077","Gm7972",-1.34890925144349,1.5741896213557,10.2826941151437,0.00134283730603993,0.0210521111568872
"ENSMUSG00000038257","Zyg11a",-1.57194424026006,-0.0909533561908817,9.52715274001469,0.00202453967979931,0.0280295894705904
"ENSMUSG00000038264","Mst1",-1.29494322764205,3.3691762441475,42.5355982000389,6.9407440772482e-11,4.4923966039989e-08
"ENSMUSG00000038567","B230398E01Rik",-2.91871167334071,0.0386908164941656,9.16225021342263,0.00247058588649013,0.0319562961249379
"ENSMUSG00000000632","Gm22321",-1.30606367347986,2.80863106596998,14.2272588557898,0.000162006669783942,0.00497635063812607
"ENSMUSG00000038607","Diaph3",1.16803078599653,-0.37109509844954,7.93974738867799,0.00483605850839863,0.0498419088665499
"ENSMUSG00000038763","Cyp21a1",-1.50778111361354,-0.294328708931248,9.76265340577165,0.00178092684901393,0.0257587687826651
"ENSMUSG00000038916","Gm9198",-1.28500059381089,0.148050969832523,10.656048146273,0.0010971155296857,0.0183156263119181
"ENSMUSG00000038917","Gm36279",-2.45638216129979,2.62225796023711,31.0110263894179,2.56566714846713e-08,6.93993816890595e-06
"ENSMUSG00000007877","Mir187",-1.42141062547414,3.36938417169898,10.5207867951607,0.00118039217677433,0.0193419958586628
"ENSMUSG00000039037","2310015A16Rik",-1.57646961185227,-0.0317881112133617,15.1270591947811,0.000100512231510025,0.00350161614527955
"ENSMUSG00000039059","Gm9176",-1.69998651289367,0.160992672702519,11.0280193927802,0.00089744982108657,0.0159143670328297
"ENSMUSG00000007944","Gm44387",-1.61282470485816,-0.576173894059816,9.63209740418748,0.00191206134688304,0.0269750711397196
"ENSMUSG00000039167","Ankrd55",-1.02324209750621,1.32461990673287,8.0844233260013,0.0044647335814901,0.0474292888026642
"ENSMUSG00000039269","Gm42767",2.36371528799719,-0.423602515861127,9.5616781415145,0.00198681397545777,0.0276816840023324
"ENSMUSG00000039375","Gm14130",-1.07108195902468,4.81295645578178,17.0339807878713,3.67168153742711e-05,0.00172388301820703
"ENSMUSG00000039377","Xkrx",2.0355832536499,0.373299116337992,15.6852440537352,7.48054978206587e-05,0.00286012666034557
"ENSMUSG00000039396","Lonp1",1.36789687860479,0.81820265350406,11.4490685812406,0.000715298444857863,0.0135034934543323
"ENSMUSG00000008153","Gm22200",-1.15901375810779,3.10449901883486,16.909587970266,3.92030633498572e-05,0.00179864567610295
"ENSMUSG00000039533","Nefl",-1.52739768469451,2.51809129519209,17.5860126721889,2.74600694530017e-05,0.00137474817319544
"ENSMUSG00000008307","Gm22191",-1.24630805510023,0.393739518944968,13.1259032141072,0.000291240918742209,0.00754022738623578
"ENSMUSG00000039661","Spef2",-1.08829052616938,2.6086608771919,8.05439117644345,0.0045393494890177,0.047857260494164
"ENSMUSG00000039714","Ifnlr1",-1.35747089481793,4.27527320866629,15.4978227221085,8.26003422873859e-05,0.00304881059729999
"ENSMUSG00000039728","Npepl1",-1.32661577681752,0.0847773203529676,10.6133206612649,0.00112275876087189,0.0186164291155364
"ENSMUSG00000039809","Lrp2bp",-1.13991943646312,1.71580954864955,9.24762450272359,0.00235801105567627,0.0310654762214882
"ENSMUSG00000039860","Gm16568",-1.35110577845468,2.87992091375659,13.5277064093695,0.000235067152985632,0.00656413253244778
"ENSMUSG00000040035","4930458D05Rik",-1.2696523951069,3.1015911124483,17.5623983782106,2.78032003087737e-05,0.00138662460500472
"ENSMUSG00000040125","Gm43210",-1.20372989960423,0.622331544936618,8.30143142636702,0.00396138433178802,0.0438024211378854
"ENSMUSG00000040138","Pla2g12b",-1.91520588677059,-0.693848533625867,10.154467118399,0.00143951999843801,0.0221651834593815
"ENSMUSG00000040280","Gm44848",1.40213662346092,0.752752921464769,15.0253224955406,0.000106078219977355,0.00364792330294044
"ENSMUSG00000040373","Rps6",-1.31739719472376,0.831644567220496,13.044975694614,0.000304099105808902,0.00775739123459049
"ENSMUSG00000040478","Ccdc22",-1.78786253561017,0.0413452640705293,11.3272211855259,0.000763791114787102,0.0141535647988616
"ENSMUSG00000040485","Clu",-1.91662645828509,-0.111892447101839,20.3467985145875,6.46010817154332e-06,0.000478168534831215
"ENSMUSG00000040489","Gm36961",-1.8701481319666,1.29207233340138,18.1852711827209,2.00422846432458e-05,0.00109999653340192
"ENSMUSG00000040570","Phxr2",-1.08256255781944,0.810602061166663,10.8190687842161,0.00100460004525071,0.0172735926186704
"ENSMUSG00000008932","Gm22069",-1.09722621587097,3.85921513727092,15.1751511048762,9.79843818787027e-05,0.00345480730114344
"ENSMUSG00000040729","Fundc2",-1.12945151351129,1.85892299185527,11.6860417563059,0.000629707188565596,0.0123861067382088
"ENSMUSG00000040797","Hoxd10",-1.36282865868827,3.7041684572473,16.3199192692252,5.34986289270348e-05,0.00226920546355222
"ENSMUSG00000040867","Lrriq3",-1.27178207619191,2.06508365181063,12.138464699593,0.000493924211475983,0.0105763183045013
"ENSMUSG00000040896","Ptprr",-1.30201970185601,2.29166619274872,16.6481902285344,4.49932160810859e-05,0.00200913854265933
"ENSMUSG00000040972","Gm48314",-1.0724210777174,1.82959201037131,9.13439642009021,0.00250848201964044,0.0322877980411532
"ENSMUSG00000041020","Gm47246",-1.06090799214252,1.99721937678413,10.0464078108042,0.00152645303758733,0.0230724840702211
"ENSMUSG00000041141","Clasrp",-1.18494831391471,1.1305858683057,8.8606346520208,0.00291386246093033,0.0354154156931238
"ENSMUSG00000041180","Gm16276",-1.12173557511103,0.289754631432876,8.91050350422061,0.0028353507909453,0.0348373304300351
"ENSMUSG00000041245","4930433J02Rik",-1.06613798981586,0.200179922331825,7.97934660821677,0.00473140156202763,0.0491030145260102
"ENSMUSG00000041431","Gm4234",1.36833160417461,1.75338480080355,15.1609247964421,9.87254208349347e-05,0.00346567087439299
"ENSMUSG00000041460","Gm8858",-1.4565348867758,5.68482261592175,25.5922878604351,4.21721552297712e-07,5.42046786687336e-05
"ENSMUSG00000009216","Gm25481",-1.43080526417423,-0.321976313097905,8.89058548668856,0.00286644800436096,0.0350767300358093
"ENSMUSG00000041498","Itga3",1.07032829333997,1.40953914301422,10.2720170255635,0.00135063064356117,0.0211377194760442
"ENSMUSG00000041534","Gm16412",-1.01989050971925,8.87763517564169,11.8842635498837,0.000566102047934942,0.0115337447622181
"ENSMUSG00000041544","Insl3",-1.52286252288678,-0.198621632176091,10.4442631214308,0.00123030979099391,0.0197826110334509
"ENSMUSG00000041578","Gm27245",-1.41332000553201,6.65766419491441,26.686003614573,2.39349010808917e-07,3.54024092455153e-05
"ENSMUSG00000041642","Ppih",-1.00747127396823,5.4930852148661,17.7988387346651,2.45533054564779e-05,0.00126774801933832
"ENSMUSG00000041653","Odf2l",-1.09091080528318,2.43523071658833,18.4422777506137,1.75129060961456e-05,0.00101726409352707
"ENSMUSG00000041771","Gm37475",-1.53737859101332,1.03667001143235,12.6299007741336,0.00037962532669674,0.00892341088939692
"ENSMUSG00000041817","Irak1",-1.25675402707497,6.25633895650334,38.5316955767919,5.38716539515917e-10,2.32456186801118e-07
"ENSMUSG00000041986","Tmem88b",-1.13293145410596,3.01983717839816,18.5318658068255,1.67087320717874e-05,0.0009928273814328
"ENSMUSG00000041992","Gm49665",-1.11852494411252,4.56534326087627,23.6127389772823,1.17805036980769e-06,0.000123409288161993
"ENSMUSG00000042129","Hoxd4",-1.04017914466636,2.45734020856827,18.4152910181548,1.77626851539923e-05,0.00101871247799305
"ENSMUSG00000042250","Pdxk-ps",1.17050426482365,5.6364436230391,10.4359747190141,0.00123584310774511,0.0198029926097831
"ENSMUSG00000042258","Gm48603",-1.6548100764873,1.93396888933586,15.6338463788944,7.68663676004577e-05,0.0029143288285002
"ENSMUSG00000042401","Psmd4",-1.38977916768397,0.717722940417524,7.95152462007092,0.00480468834216109,0.0496722001283431
"ENSMUSG00000042671","Gm44268",-1.35004238999998,3.25043072258047,15.780835350983,7.11192627069464e-05,0.00275994517781154
"ENSMUSG00000042743","4930404I20Rik",-1.03516027093531,3.34583242420174,19.9379440176606,7.99967941884904e-06,0.000561487491848214
"ENSMUSG00000042873","Efcab8",-1.21922846115033,2.79985831724551,14.3958176515309,0.000148130945842295,0.00464459711332164
"ENSMUSG00000043085","Cyp2d37-ps",1.52310289585332,1.03355434727299,15.8395022113664,6.89479725840991e-05,0.00269879936747652
"ENSMUSG00000043388","4930470B04Rik",-1.62611099176779,2.36196193159792,18.3553785754672,1.83300791617099e-05,0.00103487858145691
"ENSMUSG00000043460","Gm15401",-1.22817238007435,1.88750957231706,11.8740596446151,0.000569212023547269,0.0115778108897274
"ENSMUSG00000043541","Rbm7",-1.23121317293463,0.550200251442458,13.1949537055813,0.000280703934831915,0.00740639655981074
"ENSMUSG00000043557","Gm43524",-1.10569529782829,2.04597746369636,13.9863879959763,0.000184138917800995,0.00553256033616169
"ENSMUSG00000043635","Gm18369",-1.59529466088143,1.89038420008842,22.1157697054475,2.56692382376645e-06,0.000238565951067279
"ENSMUSG00000043843","Gm19572",-1.75019246301149,2.65000733038073,24.3590257339969,7.99512633214556e-07,8.99958169512888e-05
"ENSMUSG00000043999","Gm5982",-1.44524243327518,-0.572148596754783,9.02198632937513,0.00266751358148138,0.0335950998173642
"ENSMUSG00000044071","Gm34829",-1.40286312692169,-0.581420867360306,9.58986285074339,0.00195654560234513,0.0273599351476087
"ENSMUSG00000044072","Prss23",-1.15017262233834,2.49931234820507,14.5562348658854,0.000136037742573468,0.0043435628062222
"ENSMUSG00000044103","Gm43346",1.40199303233135,4.73845930203844,8.91765917023497,0.00282426277208719,0.0347864416411894
"ENSMUSG00000010175","Gm27818",-1.21693333413589,3.20176298568948,12.2169581083184,0.00047357081006419,0.0102907959122222
"ENSMUSG00000044296","Ten1",-1.0288648413446,0.538348096816827,10.8268317119569,0.0010003967555551,0.017234021293655
"ENSMUSG00000044349","Kdm6a",-1.69000020650174,5.47468194286202,40.7791546655027,1.70441523533105e-10,9.12230979887842e-08
"ENSMUSG00000044375","Drd3",-1.77834875303244,5.19666822783296,26.8662842386826,2.18029465270846e-07,3.32046050344836e-05
"ENSMUSG00000044469","Gm6982",1.52434152728243,0.023155968283104,10.6577616927817,0.00109609957828711,0.0183156263119181
"ENSMUSG00000044519","Lamb3",-1.68858575073195,0.817368695948182,13.823557207079,0.000200802721437217,0.0058226363529707
"ENSMUSG00000010505","Gm27450",-1.56041138000748,2.68060308607641,20.8471787903635,4.97424396683297e-06,0.000397492608728147
"ENSMUSG00000044708","Gm5942",-1.39665781869104,1.77420838640941,10.2837091586758,0.00134209878699345,0.0210521111568872
"ENSMUSG00000044726","Gm38118",-1.06682782441037,4.59078303284551,16.1507894983268,5.84941827205458e-05,0.00240745050831385
"ENSMUSG00000044820","Gm15076",2.77365842969434,-0.778428651950086,29.40423121647,5.87492330472871e-08,1.25260276531292e-05
"ENSMUSG00000044951","Adrm1",-1.74049337818032,1.22736283667774,9.55498930945034,0.00199406674233113,0.0277348208528527
"ENSMUSG00000045215","Gm49455",-1.28145037462431,-0.148208926399419,9.84166003328078,0.00170603468788857,0.0250149406542108
"ENSMUSG00000045225","Gm3126",4.35633261237602,-0.996598746356198,71.4321283459923,2.86961249868848e-17,5.20059873137314e-14
"ENSMUSG00000045349","Zmym2",-1.17297162665108,2.63995718209545,16.9000333618419,3.94008902175618e-05,0.00179864567610295
"ENSMUSG00000045532","Gm14848",-1.32526602781821,2.24021849719621,12.7466378567262,0.00035664969045037,0.00855626294272618
"ENSMUSG00000045534","Gm9050",-2.03696485731043,1.4616109000579,25.5472783071851,4.31674536654456e-07,5.50932227309064e-05
"ENSMUSG00000045589","Gm8087",-1.62126774975634,1.01761664758813,18.4192275379702,1.77260284808659e-05,0.00101871247799305
"ENSMUSG00000011034","Gm22061",1.00004703860058,7.57086196278982,13.5600997544117,0.000231044817560693,0.00649182205992627
"ENSMUSG00000045776","Gm34777",-1.63583710960574,3.2992513792116,22.7772938501609,1.81902216212461e-06,0.000177237304538625
"ENSMUSG00000045967","Gm13815",-1.00620543525924,1.26490353260147,8.77515702960338,0.00305360868736156,0.036625115976872
"ENSMUSG00000045994","Gm40319",-1.60016061642939,2.35673211886313,20.6199824072138,5.60084649580784e-06,0.000431932515078832
"ENSMUSG00000046049","Gtsf2",-1.16330030345877,6.08916892749264,18.4068203486557,1.78418220251098e-05,0.00102002315634405
"ENSMUSG00000046093","Ndufa12-ps",-1.07956900262943,1.99775029185095,7.99598463542292,0.00468811988986218,0.0488291935425128
"ENSMUSG00000046295","Gm47499",1.23505389295834,1.88543066659132,14.6190330931283,0.0001315789107909,0.0042658400720277
"ENSMUSG00000046378","Gm44851",-1.40126731116451,0.172256823635797,8.51158676770802,0.00352892209576114,0.0403754135994186
"ENSMUSG00000046567","Smchd1",-1.25565459937727,1.26589298810918,15.7137983844242,7.36846792117606e-05,0.00283521749756844
"ENSMUSG00000011751","Gm23210",-1.52156666736476,2.35124287833905,11.7127383107721,0.000620737089299617,0.0122946647752754
"ENSMUSG00000046593","B230312C02Rik",-1.54988212353985,1.60025044566846,12.0066749393584,0.00053010348545253,0.0110680477728758
"ENSMUSG00000046793","4930517E11Rik",-1.44052143085528,-0.439457848829622,8.08604187028636,0.00446074790121368,0.0474147414743082
"ENSMUSG00000046952","Dnah6",-1.48217106287949,0.714903503108462,18.3909824389124,1.79907384418405e-05,0.00102530236723734
"ENSMUSG00000000794","Gm24200",-1.22731688277085,1.81430724416422,9.4640663977076,0.00209536050223049,0.0287144917691926
"ENSMUSG00000047842","Mfsd1",-1.18091458828231,3.87667565777384,14.2274837836723,0.000161987307499329,0.00497635063812607
"ENSMUSG00000048015","Nod2",-1.05887009786546,2.47050462438869,9.43183355693445,0.00213250969992862,0.0290801153437219
"ENSMUSG00000048216","Astx6",-1.20979788688304,0.683308989470296,9.62250662687094,0.00192207217536904,0.0270776261746526
"ENSMUSG00000048279","Gm43822",-1.08275166477475,2.27436649974733,14.7977157835169,0.000119680379696831,0.00397975691971681
"ENSMUSG00000048304","Il6st",-1.16325066794151,0.714742836535448,14.1231909204509,0.000171219810160579,0.00519906712403087
"ENSMUSG00000013367","Gm24903",-1.00203382892803,2.11748361826478,10.0691751594887,0.00150770514655718,0.0228462712132574
"ENSMUSG00000048388","Gm47269",-1.03599137526937,4.53596412452626,22.4858289504139,2.11699618174194e-06,0.000205167496265824
"ENSMUSG00000048483","Gm7439",-1.32492588201197,1.2579018197564,10.4754601617549,0.00120970653970674,0.0196271366330395
"ENSMUSG00000048540","Spata31d1a",-1.42473644580408,1.24030137389227,11.4656555508538,0.000708942183808227,0.0134394970681553
"ENSMUSG00000048960","AU015836",-1.2066230936083,2.63361249837192,20.3121196377431,6.57825776850867e-06,0.000484625063165377
"ENSMUSG00000048978","Cetn4",-1.19702964053385,2.57402221087053,12.211737968563,0.000474897731530851,0.0102949420915474
"ENSMUSG00000049001","Olfr556",-1.20850060758644,3.52358068720577,15.2870237888208,9.2348721212484e-05,0.00331831112939019
"ENSMUSG00000049092","Gm48801",-1.20099486320327,2.57908743689074,24.6551548651115,6.85611179878557e-07,7.91422382989751e-05
"ENSMUSG00000049112","Gm11656",1.06816398225745,4.14875972616863,9.09025513706748,0.00256975021174022,0.0327968894981465
"ENSMUSG00000049252","Top1",-1.3299475798309,0.309438025865132,12.6178981171783,0.000382070707670965,0.00896925833564883
"ENSMUSG00000049281","Rps4l",-1.47126372572556,0.709122956908504,9.44294617825718,0.00211962725907086,0.0289353259346086
"ENSMUSG00000049630","Evpl",-1.06909337855613,0.455151047201037,8.51515439337361,0.00352201041426195,0.0403466409391215
"ENSMUSG00000049811","Tmprss11c",-1.01594575964438,4.5857708620268,27.3635333431011,1.68580484300897e-07,2.77744010635015e-05
"ENSMUSG00000049928","Ints14",-1.9446615582596,3.506608255462,33.441110495559,7.34547493669305e-09,2.42040076868524e-06
"ENSMUSG00000050069","Ndufaf3",-1.43806431443976,0.904678664586177,15.3314802261218,9.02008109922752e-05,0.0032759705362986
"ENSMUSG00000050272","Gm15089",-1.22849680284838,1.91909747778334,13.3427998726829,0.000259416734875735,0.00702751791652158
"ENSMUSG00000050334","Olfr33",-1.21554798482233,1.68859307843429,11.0100530549162,0.00090619052221005,0.016022332520988
"ENSMUSG00000050359","Gm4319",2.24506713234023,4.86527789783949,17.5968023455433,2.73047080784708e-05,0.00137075685458761
"ENSMUSG00000050370","Gm14885",-1.03776854860339,1.61065172172873,9.15978917639217,0.00247391069156806,0.0319562961249379
"ENSMUSG00000050556","C2",-1.53550356636229,7.26625877323182,28.0482424927294,1.18328524475829e-07,2.12323549413411e-05
"ENSMUSG00000050635","Gm3943",2.36031009352019,-1.06891393327408,8.09681744545503,0.00443430513113646,0.0471890263602972
"ENSMUSG00000050711","Dffa",-1.5885959455541,3.74211894517694,29.5535997897943,5.43915413266945e-08,1.21696037464652e-05
"ENSMUSG00000050751","Sult2b1",-1.17642015430048,2.18221660683254,17.4362965914571,2.97098293986036e-05,0.00145916324712979
"ENSMUSG00000050772","Crtc3",5.03306496596936,1.01045548657591,128.576322471509,8.39559449503619e-30,3.80383397583852e-26
"ENSMUSG00000050957","Gm18076",1.20143926388093,0.485682415070813,13.8572010467687,0.000197239462139951,0.0057468983478494
"ENSMUSG00000051076","Chst7",1.00177939628595,1.97422359954778,15.1059975122593,0.000101639862415504,0.00352877246466702
"ENSMUSG00000051497","Gm44159",1.71874857401022,1.75819658542587,13.9569736035494,0.000187042527362686,0.00556612762462063
"ENSMUSG00000051747","Gm37358",-1.57969073281075,4.10926536841601,12.3204212673476,0.000448029575921088,0.0100366378299356
"ENSMUSG00000051860","Olfr1265",-1.47092655429244,3.97876182874111,20.9610600696831,4.68713993605743e-06,0.000379218915451646
"ENSMUSG00000014782","Gm22358",-1.48662696878412,1.91545538452951,21.6999483308337,3.18799868473461e-06,0.000287443284395251
"ENSMUSG00000052396","Gm44033",-2.69105253251981,-0.30982800842687,17.6242748126423,2.69131056469585e-05,0.00135485059344397
"ENSMUSG00000052551","Gm43163",-1.36707650009655,0.157973817268434,9.611066395502,0.00193408297612986,0.0271716168809314
"ENSMUSG00000052613","Pcbp3",-1.72031743806337,3.80122638968123,46.2214189842014,1.0561603541484e-11,9.5703970491157e-09
"ENSMUSG00000053046","Gm13880",-1.07713686203103,4.01964866105363,21.3736046568701,3.77938714769174e-06,0.000327721690323528
"ENSMUSG00000053214","Gm35323",-1.84741109758831,-0.856785267347387,12.3527034405934,0.000440348344595609,0.0099630874520677
"ENSMUSG00000053519","Stil",-1.5275606355092,1.7332213372918,13.7819512276596,0.000205299091335537,0.00592457871381199
"ENSMUSG00000053693","Cecr2",-1.23861467941194,2.69515279343637,17.0050504157363,3.72805229916313e-05,0.00173239722609573
"ENSMUSG00000053714","Stac2",-1.32997274661468,-0.20945202036479,11.6680681640864,0.000635819982628059,0.0124169887340176
"ENSMUSG00000053797","Kif21b",1.17348465461506,4.08120839038529,8.06451251257545,0.00451406186475977,0.0476867732708953
"ENSMUSG00000053825","Olfr464",-1.25585755132476,3.00725060359582,13.9820224197232,0.000184566974474472,0.00553256033616169
"ENSMUSG00000054013","Gm29243",-1.41633180523984,1.53403811371893,12.4588639203386,0.000416012897222822,0.00954354650173317
"ENSMUSG00000054046","Gm27216",3.45823993057499,0.770468313102356,14.8340082376841,0.000117399269703696,0.00393276703297613
"ENSMUSG00000054161","Gm17409",1.2222971854489,2.7155169421041,11.3958317386217,0.00073609084116386,0.0137609746791464
"ENSMUSG00000054404","Tro",2.82744304561906,4.55668967627517,165.487433908839,7.15866504416121e-38,1.29736486595334e-33
"ENSMUSG00000054423","Gm7628",-1.3049345210941,3.86065309141115,24.4350574545322,7.68573050043864e-07,8.70553086621559e-05
"ENSMUSG00000054580","Gm26868",-1.41437516845197,4.23503631870533,33.7585123659661,6.23954206373482e-09,2.17460040040512e-06
"ENSMUSG00000055567","Gm14437",-1.11375392244999,5.3354162056409,43.8698998454378,3.5094473561024e-11,2.54406857738575e-08
"ENSMUSG00000055980","Gm1587",-1.09519500209799,1.83364235235442,16.5688313488312,4.69157773308443e-05,0.00207886218231514
"ENSMUSG00000056032","Dnase2b",4.36283293022067,3.50523146786931,29.5205068014696,5.53281930714191e-08,1.22282054028455e-05
"ENSMUSG00000056043","Mdp1",-1.2731384670642,6.11497447614259,25.961940002346,3.48215062141441e-07,4.67459375643655e-05
"ENSMUSG00000056073","Gm49299",-1.53958704021685,0.508323527734257,14.8207660478369,0.000118226473015831,0.00394589018502007
"ENSMUSG00000056215","Cspg4",-1.3199708772723,0.380096677751715,11.7806161265768,0.000598506718639834,0.0120173448734485
"ENSMUSG00000056288","Tst",-1.60266404680369,1.03383661249826,16.0608535623835,6.13390285289391e-05,0.00249248254266808
"ENSMUSG00000056306","Gm48954",3.69256182908084,1.76769616313345,103.89812005919,2.1299146887918e-24,7.72008878099476e-21
"ENSMUSG00000056367","Gm8761",-1.07037887863088,1.63832042802949,11.8895117991256,0.000564509158160549,0.0115337447622181
"ENSMUSG00000056494","Gm30794",-1.51573367004702,0.781316577596738,11.8455967848522,0.000577978494250921,0.0117297919947474
"ENSMUSG00000000948","Gm24734",-1.68172613802477,-0.179202166995216,13.9804647249914,0.000184719953208256,0.00553256033616169
"ENSMUSG00000015599","Gm24628",-1.01656418036573,1.22330722518145,8.62647081688178,0.00331312821755495,0.0390148295560418
"ENSMUSG00000056812","Tppp3",-1.60757986065034,0.706661104464014,11.9689530634192,0.00054094326026972,0.0111936372152115
"ENSMUSG00000015619","Gm44494",1.69596589586734,0.0105260760841555,22.049475125046,2.65712330576833e-06,0.00024568900852265
"ENSMUSG00000056888","Gm6351",1.36964568483886,0.971990627301912,20.220298983928,6.90166887584407e-06,0.000504350584826299
"ENSMUSG00000057132","Olfr142",-1.16777169582969,5.61512189664212,29.4451708819599,5.75211894043178e-08,1.25260276531292e-05
"ENSMUSG00000057182","Pard6b",-1.85951479415981,0.140415284351479,13.147919220943,0.000287838713385869,0.00747768670216536
"ENSMUSG00000057265","AA792892",-1.16763476123317,0.96153533792627,10.9498289495245,0.000936122563131783,0.0164006618784635
"ENSMUSG00000057337","Snap91",-1.27325289174599,2.28711898118161,15.5499517945699,8.0353696702571e-05,0.00299024649967288
"ENSMUSG00000057378","Gm3139",-1.29204344766434,1.43976321628175,16.6016444943379,4.61110218681672e-05,0.00204821090518822
"ENSMUSG00000057716","Gm43697",-1.54161460618091,1.30099082385586,16.6648888444265,4.45988695968551e-05,0.00200065671708863
"ENSMUSG00000057836","Olfr583",-1.20641876590083,0.716128546561264,10.6747281575855,0.00108609147971234,0.0181915303944794
"ENSMUSG00000057914","Gm13008",-1.03740269706662,4.79389176754184,24.7530139772338,6.51668179792883e-07,7.57062975794002e-05
"ENSMUSG00000058019","Rab11b-ps2",-1.06193252906094,0.609884686063046,9.73814544740067,0.00180482900206535,0.0259594571463732
"ENSMUSG00000058183","Gm43569",-2.50292759466275,-1.1747392460491,13.8741193194271,0.000195471766630786,0.00571376584943505
"ENSMUSG00000058260","Klhl18",1.34889236418961,3.07090803851823,29.0969206700791,6.88463249375169e-08,1.3863354964918e-05
"ENSMUSG00000058498","Gm19104",-1.62516017310677,4.22286469652225,36.1977655550846,1.78274844568244e-09,7.02364132197889e-07
"ENSMUSG00000058626","Bhlha15",2.28102309284168,0.111661702686439,8.55808942760893,0.0034399023908381,0.0399821975864984
"ENSMUSG00000058740","Gpsm2",-2.02130317674433,1.68873914529245,27.9031288383282,1.27543357163507e-07,2.23805771388417e-05
"ENSMUSG00000058897","Agbl3",-1.68349498078072,1.81746328121554,25.855195527331,3.68012797592386e-07,4.84625732087367e-05
"ENSMUSG00000058975","Olfr532",-1.2338939480431,2.59500664693695,13.4003582391697,0.000251576245707387,0.00685611473827815
"ENSMUSG00000000983","Gm25417",1.53898930624028,5.7926114663768,9.13456267814331,0.00250825407792046,0.0322877980411532
"ENSMUSG00000059991","Gm42662",-1.42710878374932,1.12690452127717,9.80877008822756,0.00173681619507849,0.0252618939834731
"ENSMUSG00000016200","Gm25011",-1.74625160531721,2.36501720619784,41.0356020098432,1.49481312181586e-10,8.49093249442572e-08
"ENSMUSG00000060180","Gm5457",-3.24870253200538,1.37348275331778,47.0426097148271,6.94600761364308e-12,6.99347199900298e-09
"ENSMUSG00000060188","Dsn1",1.80590340141114,3.0739252908006,17.8378962150397,2.40544453915572e-05,0.00125279087219816
"ENSMUSG00000060371","Gm6348",-1.20027799396188,0.656385713846919,11.5103666068472,0.000692091268960062,0.0132029158603823
"ENSMUSG00000060534","Map3k15",-1.2335661742185,0.403586171115288,8.71030955719547,0.0031641547332875,0.0375287802561318
"ENSMUSG00000060568","Gm37993",-1.35009171404763,2.13603214473289,17.0122881893265,3.71386843554669e-05,0.0017302426133011
"ENSMUSG00000016346","Gm23124",-1.53433655626691,2.73820094106452,20.4722310016591,6.05026981500269e-06,0.000460710251501234
"ENSMUSG00000016349","Gm23087",-1.08873046122849,4.15449969467971,19.3143992578265,1.10867109199425e-05,0.000715033672605403
"ENSMUSG00000060890","Gm49570",-1.81570741774375,5.17953710578851,44.523264783553,2.51352537643901e-11,2.05921936083324e-08
"ENSMUSG00000060924","Ddn",-2.42041657431342,-0.486756971936601,25.0732395036854,5.51935283715953e-07,6.51841437924314e-05
"ENSMUSG00000060988","Ctsh",-1.3053223954902,1.12442119247417,10.3518071279747,0.00129347995982968,0.02045827317369
"ENSMUSG00000061080","Pcca",-1.04089222048766,3.71188921337566,17.4761220780302,2.90938920217752e-05,0.00144062460412741
"ENSMUSG00000061576","Gm46575",-1.05551578102019,3.08201058230706,12.2296433320377,0.00047036189085155,0.0102456352739214
"ENSMUSG00000061601","Plxna2",-1.36154812029179,3.70848302042925,31.3449883769769,2.16015582276659e-08,6.02284676553829e-06
"ENSMUSG00000061603","Gm37674",-1.26025416084124,3.72037131978656,22.2940741418799,2.33927379853137e-06,0.000223129784477811
"ENSMUSG00000061654","C2cd4b",-1.11206378675918,1.59096080193095,14.5471383095683,0.000136696115933551,0.00435385537621044
"ENSMUSG00000061762","Snx1",-1.56882414992581,0.0595834087731652,9.12499367586554,0.00252140756762337,0.0324081342893889
"ENSMUSG00000062296","Bnip2",-1.34705949096721,3.14255027744208,18.8544422414983,1.41082155879299e-05,0.00086379456452721
"ENSMUSG00000062444","Gm12944",-1.11830550220151,3.86153516173261,15.1450867999795,9.95570482754094e-05,0.0034764400498945
"ENSMUSG00000062515","1810021B22Rik",-2.39270914395227,1.21502382017045,34.4801377220434,4.3062322721809e-09,1.56083694937469e-06
"ENSMUSG00000063142","Gm14845",-1.86572271768999,3.45062232594954,32.8111932937939,1.01558368203409e-08,3.11956323211929e-06
"ENSMUSG00000063354","Adgre1",1.24089740770304,7.11382536968452,27.9354402871982,1.25431211707556e-07,2.22861749978043e-05
"ENSMUSG00000063919","Gm41225",-1.05184411534614,2.43126638055813,12.4654573442182,0.000414547009105174,0.00954354650173317
"ENSMUSG00000064023","Gm37341",1.38980509326892,1.88078030562932,12.3435075770729,0.000442522776576548,0.00998734779563733
"ENSMUSG00000064259","Efna5",2.87519993224973,-0.621176771177649,39.7576845099869,2.87507165667371e-10,1.37118220089205e-07
"ENSMUSG00000064293","Gm15224",-1.24925862195266,1.39697247605691,9.63153148924276,0.00191265057741763,0.0269750711397196
"ENSMUSG00000064329","Gm48982",-1.30117185295141,1.37637943832431,16.0754632487369,6.08676033896582e-05,0.00248446751403328
"ENSMUSG00000017400","Gm23796",-1.60608425723549,2.85724270626161,18.1075991921821,2.08766592044467e-05,0.00112939610376773
"ENSMUSG00000064923","Vsig1",-9.15161094590714,1.98016611792822,25.385675983832,4.69390563989458e-07,5.86673461460756e-05
"ENSMUSG00000064941","Abhd16b",-10.9881994867022,1.00667324585718,31.6057478591176,1.88869731641658e-08,5.43315261355837e-06
"ENSMUSG00000017716","Gm23197",1.21354892010227,3.34934382841814,16.7972432032531,4.15936843387436e-05,0.00188450585317762
"ENSMUSG00000017740","Gm27553",-1.39534662727505,5.63793969701838,28.2520554031321,1.06501480889882e-07,1.93012633816733e-05
"ENSMUSG00000065344","Gm23889",-11.9607184441163,1.93791309170019,27.0126983240305,2.02123259368062e-07,3.15782743924774e-05
"ENSMUSG00000065701","Mir574",-5.10041526887561,-0.0544172794026511,21.0497464651112,4.47512063229612e-06,0.000372030326693131
"ENSMUSG00000065824","Gm23028",-1.10589274779676,0.866936972928953,11.227533383637,0.00080592685788372,0.0147087738624639
"ENSMUSG00000065845","Gm27882",-10.9514081216503,0.972009481561097,29.7254929627825,4.97759182623783e-08,1.14188476793555e-05
"ENSMUSG00000065911","Ifngr2",-1.29756269352881,0.920924549867273,15.4876357993323,8.30467032814822e-05,0.00305905569831362
"ENSMUSG00000066090","Mcrip1",-1.61843782298532,0.237710395246477,15.4438027023939,8.49951961515892e-05,0.0031244785798281
"ENSMUSG00000066189","Olfr314",-1.81787603531037,1.29205463932023,15.6282274226128,7.70951040898613e-05,0.00291502297036784
"ENSMUSG00000066392","Gm21430",-1.59028261219002,2.86422280407516,20.129248329172,7.23812920457028e-06,0.000520542125295346
"ENSMUSG00000066687","A530040E14Rik",-1.04650124496608,1.62198788694271,11.8832534592416,0.00056640913967743,0.0115337447622181
"ENSMUSG00000066952","Gm973",-1.22845935851259,-0.234150910040862,8.87904773386429,0.0028846196563085,0.0351639954727009
"ENSMUSG00000018470","Gm22491",-1.10547809171095,2.11316765850322,16.7883538936501,4.1788986518456e-05,0.00188844677616868
"ENSMUSG00000068452","Nlrc4",1.13390605042997,1.59855854718119,12.7531592134964,0.000355408353741541,0.00855626294272618
"ENSMUSG00000001103","Gm24239",-1.3382556558246,2.22198734806276,14.3106500037121,0.000154985553128171,0.00482612230127463
"ENSMUSG00000068615","Fam221a",-1.37971403326677,2.00440378612482,13.6439673147881,0.000220950078065808,0.00626715372088825
"ENSMUSG00000068893","Yipf4",3.22662437666666,1.78423266003952,61.5788678210694,4.2535938738601e-15,6.42399014799722e-12
"ENSMUSG00000068999","Vmn2r-ps94",2.2773203033275,-0.676734722215906,26.0317992638588,3.35839957265685e-07,4.57626131242558e-05
"ENSMUSG00000069072","Gm15258",-1.56084748666244,1.09659318924563,16.4475879359746,5.00137768173058e-05,0.00216842028052639
"ENSMUSG00000069227","4930583I09Rik",-1.26327116558991,1.62509600291926,11.1204433727981,0.00085381374275304,0.0153356456490717
"ENSMUSG00000018634","Gm22910",-1.70171523686908,-0.76997014761128,8.3203616899447,0.00392031131406292,0.043480906942939
"ENSMUSG00000070337","Ly6e",-1.91608023055253,3.49780986889963,30.7461783089762,2.9408246196202e-08,7.6137949401967e-06
"ENSMUSG00000070570","Gm6618",-1.09826810870495,7.40432940367728,14.1370594091346,0.000169962189943346,0.0051811700366736
"ENSMUSG00000070683","Gm35569",-1.43313154354838,2.3820339693459,19.8192587010561,8.51207022026518e-06,0.000585064241971289
"ENSMUSG00000070691","Yipf6",1.57153644615238,-0.331530684267377,12.3086734693585,0.000450858283554688,0.0100693594490351
"ENSMUSG00000070695","Gm43249",-1.34316971040157,-0.403535325072009,8.14515399853048,0.00431763884319942,0.0463602285061541
"ENSMUSG00000070822","Satb2",-1.04773969514333,1.58517024177755,14.6102843269426,0.00013219116265917,0.00426709793697983
"ENSMUSG00000070880","Stk40",-1.28731444030904,3.21069614599032,14.1802790206395,0.000166102312444498,0.00508491927099939
"ENSMUSG00000071226","Nudt16l2",-1.21983924619397,3.279123144667,24.2348589122311,8.5274817399586e-07,9.23820243038254e-05
"ENSMUSG00000071637","Olfr918",-1.27123001132885,4.00345074162462,13.2245807673046,0.000276301517628772,0.0073452518973258
"ENSMUSG00000071658","Acot12",-1.04251979291492,2.78660365195265,9.25425620845548,0.00234948738921675,0.0310348104626641
"ENSMUSG00000018862","Gm24043",-1.22459880680058,-0.0888136019061088,8.40218472677243,0.00374770333168266,0.0421861040248974
"ENSMUSG00000071753","Pik3c2b",-1.44066361592426,0.539160658054007,13.0514329605667,0.000303052454509365,0.00774643107626688
"ENSMUSG00000072387","Gm37381",-1.22300094118499,0.357882594816955,9.44606463095018,0.00211602635642196,0.0289206226677489
"ENSMUSG00000072437","Bst2",-1.04794144003204,0.903869080383667,9.99496296879743,0.00156968985564177,0.0235687566311482
"ENSMUSG00000018927","Snord14e",1.23659220939617,3.22486712056346,15.7072206784466,7.39413614464182e-05,0.00283906629977423
"ENSMUSG00000073805","Dst",-1.20350886474538,0.594706794543904,8.74088120989302,0.00311154115389952,0.0370745958791065
"ENSMUSG00000074004","Gm9111",-1.84937512284888,-0.419212309352423,14.1226899658332,0.000171265412627403,0.00519906712403087
"ENSMUSG00000074024","Nnat",-1.06538454030005,1.54263994870948,13.9090564631474,0.000191871721572644,0.00565413204887973
"ENSMUSG00000074199","Klra4",2.84794815400596,-0.394260969874399,10.3263288411527,0.00131145803090111,0.0206674381687138
"ENSMUSG00000019278","Gm27357",-1.02569265742344,0.989520607039026,9.9264870399825,0.00162917173510529,0.0242210659190427
"ENSMUSG00000074365","H19",-1.90609911203037,0.269547247172769,18.9151945634374,1.3665984841247e-05,0.000848851586468699
"ENSMUSG00000074445","Nphp3",3.0361618978195,0.421136268744364,39.6018656632268,3.11385682422637e-10,1.44698531347319e-07
"ENSMUSG00000074476","Trav6-7-dv9",1.02280575548773,2.06701062825781,7.94552001028223,0.0048206564029888,0.0497846956336665
"ENSMUSG00000074483","Trav7-6",1.47248898010104,0.697393685393296,12.0321660150079,0.000522902764871317,0.0109615299319579
"ENSMUSG00000074486","Trav8-2",1.46923776820915,1.09936257540089,12.9211370358406,0.000324892446224776,0.00809907263126769
"ENSMUSG00000074489","Gm13991",1.28833445056946,3.20291673288615,16.2579906497203,5.52759786966295e-05,0.00230821788460603
"ENSMUSG00000074505","Gm9529",-1.21634066018923,2.05003425518541,17.3441440410064,3.1185772916178e-05,0.00151522724546889
"ENSMUSG00000074604","Gm42208",1.02159896582674,1.55064018220054,9.78740223711261,0.00175711523335846,0.025487845170869
"ENSMUSG00000074629","Olfr18",-1.77778148201793,0.04670200740222,23.4256748113422,1.2983407941063e-06,0.000134456172637648
"ENSMUSG00000074652","Eef1akmt4",-1.45253302879352,1.38657577139253,12.5979304950616,0.000386174100630218,0.00903942124763967
"ENSMUSG00000074991","Gm42628",-1.50218504410177,0.441418024089068,12.3163587799592,0.000449005735449769,0.0100460875846372
"ENSMUSG00000075014","Gm45070",4.10807153145582,1.88928083500385,21.0238569221961,4.53599920853617e-06,0.000373663243892278
"ENSMUSG00000075020","Olfr251",-1.73048263082577,-0.265451196915974,12.708025416113,0.000364089667894034,0.00865864667542426
"ENSMUSG00000075307","Gm38291",-1.65216302927348,0.758758892001161,15.3905456803923,8.74246148676231e-05,0.00318151866515248
"ENSMUSG00000075318","Gm43327",-1.26640158205485,1.54686685833945,15.2120368757839,9.60889913676276e-05,0.00339458243773005
"ENSMUSG00000075334","Gm14881",1.53251779329862,0.666834006838381,15.9738165412132,6.42246395667433e-05,0.00256708906965225
"ENSMUSG00000075402","Gm31182",2.65596946597905,1.87122275682001,13.7244139364954,0.000211684807531049,0.00607019583367912
"ENSMUSG00000019772","Mir1192",-2.10794792903838,-0.39102847228123,11.6690869315069,0.00063547190449514,0.0124169887340176
"ENSMUSG00000019775","Gm26287",-1.09931140633647,0.866085183767204,9.73330545174418,0.00180958766659688,0.0259866539474923
"ENSMUSG00000019789","Gm25285",-1.13249564119797,2.03814699138173,17.8322942058568,2.41253663519924e-05,0.00125279087219816
"ENSMUSG00000019796","Mir20a",-1.00327370894265,2.22270923379409,14.4713882027237,0.000142304710632595,0.00450085213053145
"ENSMUSG00000076490","Gm45360",1.75630219073261,0.265626681127699,9.84001149562735,0.00170756430461948,0.0250171284499747
"ENSMUSG00000019828","Gm17555",-1.2420974343786,0.221573486988213,9.40122719951873,0.0021684025500706,0.0293926398017424
"ENSMUSG00000019906","Gm25419",-1.36094801444029,1.45713178679126,19.8045267535197,8.57792851633628e-06,0.000586633201892688
"ENSMUSG00000078307","Pdf",-1.11022336557913,1.51881711884004,8.27723758452129,0.00401451586589909,0.0442280067098414
"ENSMUSG00000078639","Klrd1",1.12332226449684,0.304293094349645,8.83447757364618,0.0029559224495737,0.0356896619277976
"ENSMUSG00000078664","Ppp1r13l",3.38583488415382,1.63158940801534,54.3819439543662,1.65072674691653e-13,2.13686577388344e-10
"ENSMUSG00000079505","Gm20564",1.0746147246809,1.95176054414428,16.8851655377085,3.97107241683461e-05,0.00180370289248856
"ENSMUSG00000020067","Mir680-1",-1.41596994720309,0.71241622911,13.1468691364003,0.000288000072731414,0.00747768670216536
"ENSMUSG00000079550","Gm31256",-1.26864150684246,5.93844348023314,23.843178753936,1.04511570393336e-06,0.000110763929253709
"ENSMUSG00000020080","Gm22912",-1.15191226094625,4.03430368314213,40.4180587543084,2.05037171384379e-10,1.03219129361086e-07
"ENSMUSG00000080950","Gm15951",-1.12075276590833,0.528281831603465,9.56809713869619,0.00197987894161258,0.027643563989865
"ENSMUSG00000020151","Gm44490",-1.15458790011512,0.137255046088354,8.14902604298319,0.00430842944798928,0.0463602285061541
"ENSMUSG00000020212","Gm22911",-1.06215749613214,4.6292990780793,20.132507938977,7.22580440884515e-06,0.000520542125295346
"ENSMUSG00000020256","Gm22302",-1.0469883496224,-0.113396600835216,8.5149513337761,0.00352240343880997,0.0403466409391215
"ENSMUSG00000081739","Gm48559",-1.26417114938546,1.28882721534543,13.9776296750562,0.000184998706820834,0.00553256033616169
"ENSMUSG00000001403","Gm24431",1.72964038866796,2.41130075382864,19.8780467101756,8.25427761254569e-06,0.000573220132801182
"ENSMUSG00000020330","Gm22288",1.15054626696106,2.75930468348245,11.9984688025905,0.000532442789405778,0.0110800125647204
"ENSMUSG00000020431","Gm23702",-1.42754795177246,5.61573237367975,53.9321766637855,2.07531075232144e-13,2.50739045095477e-10
"ENSMUSG00000020436","Mir3971",-1.34548358354062,2.22536870172414,15.0788765556574,0.000103110677700243,0.00356617330527005
"ENSMUSG00000083084","Gm26988",4.0020053941237,0.066707896499349,99.9884751800278,1.53286434707192e-23,3.64254405166562e-20
"ENSMUSG00000083397","Osgin1",-2.01646337823592,-0.407452050690214,19.3186196446693,1.10622331776443e-05,0.000715033672605403
"ENSMUSG00000020599","Gm25110",-1.54247114289981,6.52354864587353,69.2127288593588,8.83957037800917e-17,1.45635939964237e-13
"ENSMUSG00000084301","1110017D15Rik",1.74759771551674,2.09825344627053,27.5856361806277,1.5029069951838e-07,2.52196143275149e-05
"ENSMUSG00000001506","Gm25795",1.25885609221806,5.84001901160128,25.8498952330097,3.69024725641762e-07,4.84625732087367e-05
"ENSMUSG00000020672","Gm11077",-1.05092107833611,2.5327297341636,11.771543477329,0.000601430877901991,0.0120173448734485
"ENSMUSG00000084761","Gm16066",-3.91980493803662,-0.690658145438759,40.771153199997,1.71140833836488e-10,9.12230979887842e-08
"ENSMUSG00000084911","Gm4891",-1.64263333069059,0.833105032607207,15.4376413610928,8.52727463479004e-05,0.00312833599607895
"ENSMUSG00000084965","Esam",1.91328847196017,0.100522616508631,32.4360376091387,1.23180812585833e-08,3.7206764441551e-06
"ENSMUSG00000085151","Gm5354",-1.16507365266228,0.599229883487493,8.21762467368413,0.00414854672920508,0.0453189345228352
"ENSMUSG00000085269","Runx3",-1.23139891692327,-0.216645676919776,9.38289558650978,0.00219019328923621,0.0295994578529663
"ENSMUSG00000020785","Gm24830",-1.00893809771924,3.20911943790961,20.4009280687821,6.27993327850944e-06,0.000470294342175317
"ENSMUSG00000020798","Gm25156",1.35186209079957,2.14833847073822,28.4567125022687,9.58169843531918e-08,1.79557745313155e-05
"ENSMUSG00000020808","Mir873a",1.41731372027787,1.66359520986113,15.6083909353078,7.79080976583781e-05,0.00292931214494354
"ENSMUSG00000085875","Gm28939",-1.70033905190948,-0.341166927334698,16.400518834896,5.12711936585846e-05,0.00220078918493743
"ENSMUSG00000020848","Gm22251",-1.59597102038088,3.55986699475792,28.6749244472654,8.56050539947388e-08,1.63307409847016e-05
"ENSMUSG00000020865","Gm24749",1.28286346748605,-0.125735308833327,9.59488900067378,0.00195119719365869,0.027306213699364
"ENSMUSG00000086164","Gm12974",-1.22330632380599,1.40263384824055,9.24925594179664,0.00235591127750753,0.0310654762214882
"ENSMUSG00000086228","Gm14588",-1.11026594794614,3.59112462568105,21.0530581407921,4.46739269702759e-06,0.000372030326693131
"ENSMUSG00000086231","Lce3b",-1.48674274270616,0.335307393781407,13.6437643096524,0.000220973968308094,0.00626715372088825
"ENSMUSG00000086232","Gm8878",-1.55444162795467,0.00625679028964272,11.1215492969856,0.000853304798857736,0.0153356456490717
"ENSMUSG00000086245","Gm21877",-1.30650659388944,-0.318771268350635,12.2359426248564,0.000468776552311426,0.0102357077801686
"ENSMUSG00000086291","Gm15454",-2.05856268188847,1.24783201351469,21.3587761448408,3.8087322678228e-06,0.000328693594713108
"ENSMUSG00000020890","Mir291a",-1.13788373525553,6.00198607870187,25.1998457584048,5.16863310409767e-07,6.28665353997061e-05
"ENSMUSG00000020897","Gm22004",1.37139905404466,2.36238646027662,18.2825159785343,1.90447111479599e-05,0.00106199169272147
"ENSMUSG00000086484","AL663045.1",1.05213355705827,2.07124306022185,13.0612894055449,0.000301461832466299,0.00773175162106695
"ENSMUSG00000086502","Olfr1416",-1.07246680683501,0.796056792136555,9.47662203407147,0.00208106801927211,0.0285937799190815
"ENSMUSG00000020913","Gm22423",1.37085463004375,0.574993944676954,20.1602694092775,7.12168658848702e-06,0.000518338658807833
"ENSMUSG00000086662","Olfr1174",-2.25827287320924,0.305876654340844,31.2587436383047,2.25828081245151e-08,6.20103381273617e-06
"ENSMUSG00000086769","Ighv5-1",-2.03807877721067,-0.0100866525805812,14.9623875114721,0.000109675645745382,0.00374322359292572
"ENSMUSG00000020953","Gm27529",-1.13551779800785,0.903409458713437,9.0806275038181,0.00258331392503861,0.0329004906981551
"ENSMUSG00000087054","Smad7",-4.27291939716986,-0.946523622583831,25.6830761423419,4.02339982892338e-07,5.20829107854131e-05
"ENSMUSG00000087141","Gm12203",-1.26384642628361,4.091260426551,37.6819182727919,8.32728864801904e-10,3.50966167832672e-07
"ENSMUSG00000087168","Syt8",-1.40300337908673,0.797206608394656,18.3807760147954,1.80873655662908e-05,0.0010266023877228
"ENSMUSG00000087231","Gm18177",-1.12834906829822,1.5718035586376,11.8870825027449,0.000565245907658971,0.0115337447622181
"ENSMUSG00000087502","Gm48895",-1.50570610021123,-0.211222861246644,13.0304682219655,0.000306463918417061,0.00779712046557227
"ENSMUSG00000087595","Ighv5-12-4",-1.11089585278144,-0.142965450789728,8.93502231693917,0.00279754050954823,0.0346446592071055
"ENSMUSG00000021125","Gm23354",-1.43862765637483,0.476931712018754,14.5187637435275,0.00013877043885277,0.00441216958478727
"ENSMUSG00000088246","Slc16a11",-1.3769952277334,1.83354864265806,20.3613324883251,6.41122709707696e-06,0.000478150899919036
"ENSMUSG00000021194","Gm26207",-1.33242090058028,3.55908861873227,14.606468293286,0.000132459112037454,0.00426709793697983
"ENSMUSG00000021198","Mir6378",-1.2346517555304,2.00425502269176,14.7176042674385,0.000124874888377563,0.00411474109466649
"ENSMUSG00000021268","Gm24788",-1.22520158120729,5.01803737346891,24.3347548521765,8.0964980290568e-07,8.99958169512888e-05
"ENSMUSG00000021301","Gm24151",-1.61419312403598,1.08255503810629,23.3073363845108,1.38072346584788e-06,0.00014217529188387
"ENSMUSG00000021313","Gm23984",-1.29550992556433,2.79900077534911,20.3455771794949,6.46423279995848e-06,0.000478168534831215
"ENSMUSG00000021319","Gm22256",-1.93347033804458,-0.437960259881488,14.2421365606887,0.000160730972281283,0.00496239763314088
"ENSMUSG00000021363","Mir7043",-1.62386070125725,4.68752613466912,35.3516625554357,2.75233522795161e-09,1.06128875183334e-06
"ENSMUSG00000089842","Hormad1",-1.03330030820935,2.9124389430643,10.6946038459126,0.00107448479481649,0.0180747866060942
"ENSMUSG00000090665","Ighv7-1",-1.12732745056892,1.63779100481409,9.46330151964866,0.00209623439731604,0.0287144917691926
"ENSMUSG00000021478","Mir3473e",-1.44957914887188,1.33140707727854,16.783814727783,4.18890693604706e-05,0.00188844677616868
"ENSMUSG00000021485","Gm44364",1.65802840001077,1.49987921969921,16.7300002301596,4.30941358204495e-05,0.00193795291184617
"ENSMUSG00000090799","Gm15739",-1.15854617572151,1.956780961043,16.4179519070882,5.08018173198606e-05,0.00219733015581822
"ENSMUSG00000021506","Gm22123",1.47434765111307,2.57983130028608,21.2841844567713,3.95985120896005e-06,0.000338511242735769
"ENSMUSG00000091172","Ighv14-2",-1.06991944904456,0.763173710136258,13.16701243883,0.000284920630694139,0.00746312760091738
"ENSMUSG00000091239","Gm28282",4.2629650747568,0.634231857087277,101.102137271924,8.73605786094242e-24,2.63872627689766e-20
"ENSMUSG00000091405","Gm50178",-1.43441706505447,-0.0718678054765109,11.5145996794531,0.000690517005462088,0.0131867646891353
"ENSMUSG00000021557","Gm24968",-1.06441675522894,5.02512916539034,30.2923169714904,3.71594904118398e-08,8.74599278875029e-06
"ENSMUSG00000091722","Gm13887",-1.8552037247774,0.207780456182482,15.6140598909883,7.76748806233583e-05,0.00292661509675077
"ENSMUSG00000091735","Cgrrf1",-2.18266099643781,1.27034529880062,19.414319720498,1.05215190705037e-05,0.000685904640700495
"ENSMUSG00000021575","Mir466c-1",-1.44880813902616,1.20376157023258,16.3550508431003,5.2516017984335e-05,0.00223940657395318
"ENSMUSG00000092043","Tmem209",1.21314062547003,0.860881266990151,8.14498026989619,0.00431805251439542,0.0463602285061541
"ENSMUSG00000021692","Gm25047",-1.5421926195794,0.459432605975372,22.9264476717874,1.6831992903246e-06,0.000166691916604113
"ENSMUSG00000021708","Gm22183",-1.69773981266457,3.94320980258895,37.5885368178207,8.73563551990342e-10,3.59808914834568e-07
"ENSMUSG00000021730","Mir5120",-1.49429957411028,4.80531323195571,26.1737647629064,3.12033161612271e-07,4.32638698264225e-05
"ENSMUSG00000021733","Mir468",-1.21823107355214,4.30928541649243,27.6458911192933,1.45681187184986e-07,2.46745808911543e-05
"ENSMUSG00000093673","Bhmt-ps1",3.9429277283831,1.70772695492315,138.031368184445,7.17346694053041e-32,4.33349137877442e-28
"ENSMUSG00000093815","Gm13064",-6.45348288379072,1.49292791676683,21.5577437238814,3.43333584966139e-06,0.000300591041562384
"ENSMUSG00000093834","Mindy4b-ps",-12.0600730804348,2.03395934590113,30.8009067465574,2.85904238214742e-08,7.50933696980545e-06
"ENSMUSG00000094306","Gm47136",-7.10196752794624,1.41269278326845,28.7015283137087,8.44370691555523e-08,1.62792872798518e-05
"ENSMUSG00000094344","Nt5c3",1.07239715991301,6.87653711142394,16.5349678492016,4.77611039079418e-05,0.00209582200029934
"ENSMUSG00000001901","Gm26126",-1.3332143736051,1.4628789839623,11.1495519296933,0.000840519724448023,0.0151720507631191
"ENSMUSG00000094410","Ak1",-1.39957591681922,3.64947952855441,25.8883776924337,3.61740597810046e-07,4.82045945155254e-05
"ENSMUSG00000021903","n-R5s63",-1.29329631036158,0.835258663763812,14.8443950880877,0.000116754510521727,0.00391841110034306
"ENSMUSG00000094812","Gm45554",-12.0443477373964,2.01862456827597,28.308097887518,1.03462263235442e-07,1.91316985901396e-05
"ENSMUSG00000094826","Gm49140",-6.35132841195852,1.51173946845911,25.0663822197696,5.53901569499224e-07,6.51841437924314e-05
"ENSMUSG00000094840","Galt",-5.02873400211581,0.403932565236999,35.1442456611767,3.06164765732441e-09,1.15596334361855e-06
"ENSMUSG00000000197","mt-Rnr2",-1.33127592856492,2.1675381733011,17.1403768666444,3.47163801284027e-05,0.00166006584978111
"ENSMUSG00000095186","Gm48397",6.61797488008689,-0.0376382696944272,138.822259467528,4.81688073443796e-32,4.33349137877442e-28
"ENSMUSG00000021983","Gm24003",-1.2711660003677,4.10560965025082,20.9768815245499,4.6485907671837e-06,0.000377786594052333
"ENSMUSG00000095260","Gm45523",-12.1111861966853,2.083460620244,30.3776709966461,3.5559795712669e-08,8.47960760132501e-06
"ENSMUSG00000021991","Gm24026",-1.40379332522,2.10735370577603,12.3307742550177,0.000445551567411095,0.0100366378299356
"ENSMUSG00000095580","Gm28297",-11.9927486718547,1.96874420980128,28.8287291173426,7.90695083535511e-08,1.54083516117356e-05
"ENSMUSG00000095590","1700029H14Rik",-9.10994071099999,1.17621688631869,30.6393488829158,3.10727668493519e-08,7.84216944685751e-06
"ENSMUSG00000095616","Gtpbp4",-7.71364580425269,2.55012212699981,25.1786383226325,5.22578339844294e-07,6.31379150199876e-05
"ENSMUSG00000095969","Gm44443",-6.95619073076543,1.48239103912762,27.7176402375126,1.40376793365677e-07,2.42290345349159e-05
"ENSMUSG00000096205","Zfp276",-7.39404174173938,2.24861515577025,26.2656035621834,2.97541049243124e-07,4.18010576390166e-05
"ENSMUSG00000096206","Cdrt4os2",-11.4807452977391,1.4754101512732,43.6984840908465,3.83068382718458e-11,2.67013396154101e-08
"ENSMUSG00000096214","Gm47417",-7.70676520088799,1.47705665502932,27.4028583345586,1.6518689918271e-07,2.74649740723693e-05
"ENSMUSG00000096349","Gm44699",-7.06785500900979,2.52247333803603,34.79407619624,3.6648688104744e-09,1.35547790718832e-06
"ENSMUSG00000096351","Ogn",-1.17528335504738,5.47266601670106,19.877814376241,8.25528083987797e-06,0.000573220132801182
"ENSMUSG00000022146","Gm24270",-1.26558982816445,7.36070396411344,29.5856444088976,5.34997044766888e-08,1.21196893028879e-05
"ENSMUSG00000096606","Gm29491",-1.88779804240321,3.7561571235187,41.0298039576316,1.49925420637656e-10,8.49093249442572e-08
"ENSMUSG00000096659","Lnp1",-7.76696032794285,1.53909096101037,27.0429977165083,1.98979711314594e-07,3.13574722448208e-05
"ENSMUSG00000022212","Gm23576",-1.1176038483875,1.81537220004006,8.42172981583918,0.00370762883370771,0.041917253495499
"ENSMUSG00000096929","Vmn2r53",-1.36539948370598,3.94919873759836,44.5807708208703,2.44077123362464e-11,2.05921936083324e-08
"ENSMUSG00000096992","Gm47693",-1.13794790929158,0.737145518510631,9.0601398125693,0.00261242001443867,0.0331083132319385
"ENSMUSG00000022221","Gm23949",1.1366326681968,1.51659296123585,10.8488230199633,0.000988585709862759,0.017079255309669
"ENSMUSG00000097050","Hyal6",-1.31326870208228,2.14866139308142,17.061235444624,3.61935984565427e-05,0.00170373138916343
"ENSMUSG00000097090","Gm19046",-1.15648592784178,0.641426680585077,11.8468790571723,0.000577580641618014,0.0117297919947474
"ENSMUSG00000097140","Gm5338",-1.10652159127519,0.0202896165548277,8.90573724501369,0.00284276083948506,0.0349047118522953
"ENSMUSG00000097145","4933438B17Rik",-1.05195161621673,0.052161945485415,8.79410895752651,0.00302204811349252,0.0363186856504144
"ENSMUSG00000022237","Gm22748",-1.44817896032711,5.09789531636399,23.1412208635351,1.50528885984558e-06,0.000153260393297649
"ENSMUSG00000097379","Scn4a",-1.48040483376685,-0.0714179373961788,16.9582423323104,3.82110619363747e-05,0.00177109737972613
"ENSMUSG00000097545","Gm21057",-1.69689718227348,6.3122801445999,30.8147971929317,2.83865054115739e-08,7.50933696980545e-06
"ENSMUSG00000097767","Gm33601",-1.50544910324028,1.83477198179132,17.4174786017557,3.00054091088221e-05,0.00146969737643022
"ENSMUSG00000097823","Gm12298",-1.19750992445906,0.176692379160844,9.74129789957306,0.00180173634570954,0.0259355582154837
"ENSMUSG00000097961","Gm17032",-1.36223970435668,0.737957685120717,14.2915220646005,0.000156568456021159,0.00486704996307283
"ENSMUSG00000097974","Gm8165",-1.69963319062242,0.902889894734049,21.684649198054,3.21352584045669e-06,0.000288160456115527
"ENSMUSG00000098041","Zdhhc7",-1.25694001547527,1.01200525100057,19.4413153145383,1.03738472471003e-05,0.00067871925508736
"ENSMUSG00000098066","Rell2",-1.48677075348767,-0.301910083792665,13.0435092018112,0.000304337315444123,0.00775739123459049
"ENSMUSG00000098206","Rbbp5",-1.27753993474643,-0.164385069362118,11.7771648615434,0.000599617382593156,0.0120173448734485
"ENSMUSG00000098233","Cetn3",-1.48882648181067,2.15081458303847,15.5006382105005,8.24774021632762e-05,0.00304881059729999
"ENSMUSG00000098318","4930415O11Rik",1.44747751065819,1.33642201916159,18.689481266192,1.53828745665972e-05,0.000929279452568139
"ENSMUSG00000022491","Gm23016",-1.23540665197941,0.697185263559913,10.3800163783045,0.00127386564622146,0.0202899455499696
"ENSMUSG00000099216","Mpv17",-1.23598094251786,-0.119973792551443,9.18045688016164,0.0024461295414735,0.0318014387949242
"ENSMUSG00000099835","Gm44546",-1.00361155612846,0.81426346802637,11.5244513556404,0.000686867195594973,0.0131447668276322
"ENSMUSG00000022619","Mir7678",-1.28389343748051,3.03480792330652,13.1477860254901,0.00028785917557665,0.00747768670216536
"ENSMUSG00000100252","Gm46453",-1.33745601238362,5.50360006388746,25.2445877759458,5.05010835683857e-07,6.22606215993098e-05
"ENSMUSG00000100593","Pate11",-2.1431777598602,0.0478728171732385,17.1454581854203,3.46236315998932e-05,0.00166006584978111
"ENSMUSG00000100600","Plut",-1.31882803273611,0.134414063296178,9.40192259364656,0.00216758027952626,0.0293926398017424
"ENSMUSG00000022780","Gm27760",1.15576727516655,2.21728267074565,11.7093568407619,0.000621866094975342,0.0123035799555001
"ENSMUSG00000022790","Gm21897",-1.44869577306796,2.36254741029502,19.8242431644821,8.48990260012684e-06,0.000585064241971289
"ENSMUSG00000100937","Serinc1",-1.50215519219848,-0.537970917639961,9.48197651705381,0.00207500294716392,0.0285937799190815
"ENSMUSG00000022829","Mir3062",-1.01708841679638,2.96671239746066,13.2689054901857,0.000269844704798328,0.00722057016247618
"ENSMUSG00000101304","Usp50",1.0002185080549,2.68575518583356,10.4644983636128,0.00121690587678611,0.0196734926003521
"ENSMUSG00000101429","Gm49923",-1.6947344735346,0.140035227755971,11.1910637163254,0.000821922129903665,0.0149106053656097
"ENSMUSG00000022876","Gm6807",-1.07710670711032,0.634289094051051,9.05205088514862,0.00262400311334306,0.0332086650999415
"ENSMUSG00000101549","Gm18623",1.39297879962496,-0.697745021961761,9.20491940985471,0.00241365622143934,0.0315376292005373
"ENSMUSG00000000223","Gm24261",-1.06824285041875,0.734212942770078,8.99196667391794,0.00271169008004128,0.0340332128258921
"ENSMUSG00000102099","Accsl",1.56977043018103,0.618799631169942,10.3722897780203,0.00127920793848457,0.0203182168879543
"ENSMUSG00000022986","Gm27851",1.42821908656201,5.87939167403153,15.15823461478,9.88661834167177e-05,0.00346567087439299
"ENSMUSG00000022991","Gm22118",-1.21389011242497,1.47250863457313,13.3474155541673,0.000258779012510679,0.00702073659241172
"ENSMUSG00000023000","Gm22750",-1.2678718941327,0.151458808681658,8.95007326833919,0.00277458456872788,0.0344987634270118
"ENSMUSG00000023011","Gm27280",-1.04838962839512,3.74421925616483,9.56295506967321,0.00198543243276038,0.0276816840023324
"ENSMUSG00000102275","Gm5176",2.42332290445649,1.484672095798,46.4175272096586,9.55569149837936e-12,9.11462089605943e-09
"ENSMUSG00000023013","Gm24432",-1.9229608168731,-0.416106982975955,11.9612909100456,0.000543172256992671,0.011215551872519
"ENSMUSG00000102411","Cand2",-1.64344569898133,0.697171322415592,11.8216309904747,0.00058546552616234,0.0118406587004964
"ENSMUSG00000023032","Gm25374",-1.26887406695442,3.15267963156002,25.3176946700564,4.8622778190699e-07,6.03555211746601e-05
"ENSMUSG00000023033","Gm23252",-1.0941545640415,3.27096190343461,14.6764039492459,0.000127634139110393,0.0041713862368297
"ENSMUSG00000102504","Gm37142",-1.10303415671489,-0.0759629129180307,8.61894661006028,0.00332684182937436,0.0390747598663328
"ENSMUSG00000102555","Gm42551",-1.64916394708355,0.256108357447063,16.5436255706887,4.75435369730688e-05,0.00209133864214302
"ENSMUSG00000102562","4921534H16Rik",-1.63528370820756,0.106026117572962,11.9851172758959,0.000536271170096926,0.0111326946342114
"ENSMUSG00000102602","1700120G11Rik",-2.05883625098582,1.32173452720601,40.5254982527903,1.94066890426477e-10,1.0048783586283e-07
"ENSMUSG00000002289","Gm25102",-1.11959712169629,4.29581398282309,15.1647120104073,9.85275982675498e-05,0.00346567087439299
"ENSMUSG00000102705","Gm49483",-2.07689049270028,1.39230119814228,22.261485104233,2.37931365714983e-06,0.000225760740358777
"ENSMUSG00000103119","Npl",-1.57796351060108,3.46135281034805,16.5473972339729,4.74490676498694e-05,0.00209133864214302
"ENSMUSG00000023232","Gm23746",1.08454644311749,5.48454699975093,24.6418646056955,6.90355709646788e-07,7.91855476324604e-05
"ENSMUSG00000023267","n-R5s187",-1.06762854737896,2.93198178395936,16.2952064870065,5.42008890757805e-05,0.00228620226748198
"ENSMUSG00000023328","Gm25068",-1.67540173112385,3.17900267131881,27.1341663439491,1.89813454358222e-07,3.01753441520532e-05
"ENSMUSG00000023439","Gm22475",-1.60633194432736,5.24147349898917,21.610403503043,3.34035058168099e-06,0.000295303285813681
"ENSMUSG00000023473","AC164084.1",-1.82501761438172,2.51676048304602,33.4538313140187,7.29758787032838e-09,2.42040076868524e-06
"ENSMUSG00000023505","Gm24277",1.28959820245968,3.79184506250583,22.4637838884278,2.14143237845678e-06,0.000206431803163682
"ENSMUSG00000023755","Gm23266",-1.00688861087672,2.08480281056612,11.0985535236506,0.000863950785605787,0.0154717194540847
"ENSMUSG00000104245","Gpr15",-1.03120988373116,0.330499950047177,8.13994494992149,0.00433005983510489,0.0464341268589384
"ENSMUSG00000023945","Gm23017",-1.66476998595919,-0.793407713790656,9.93196048387972,0.00162433436061502,0.024168975055358
"ENSMUSG00000104283","Gm31186",-1.50316804701779,0.169351110174268,13.2792675110178,0.000268357326253309,0.00720489449086234
"ENSMUSG00000104367","Gm9370",1.12040515495633,1.3449143447398,12.900431216534,0.000328506439158992,0.00814435321050399
"ENSMUSG00000104394","Gm15452",1.76765816134502,2.14910472179899,47.2935032734381,6.1114440029803e-12,6.51515880388306e-09
"ENSMUSG00000104525","Gm49217",5.1627477211289,-0.45038329991968,99.8937965755397,1.60792100719114e-23,3.64254405166562e-20
"ENSMUSG00000104955","1600012P17Rik",-5.35179997023521,-0.43545252251943,19.9423092294919,7.9814359235755e-06,0.000561487491848214
"ENSMUSG00000104988","Olfr1331",-1.70874469578544,1.89546903327667,44.3636842355599,2.7269913733928e-11,2.05921936083324e-08
"ENSMUSG00000105008","4930414F18Rik",2.60085713744286,0.738773251105747,34.3252259070436,4.66298406553283e-09,1.65700510234611e-06
"ENSMUSG00000105063","Gm14042",-1.21350057475824,-0.47952468242131,9.16779243373388,0.00246311506787696,0.0319078158507035
"ENSMUSG00000105076","Gm49150",-1.23992783568666,0.720199374942205,12.9265576174112,0.000323952977326684,0.00808677659516736
"ENSMUSG00000024112","Gm24291",-1.49951592270161,3.51465578228364,31.7982634913907,1.7104560083287e-08,4.99977326434532e-06
"ENSMUSG00000024134","Gm24302",1.01284411594952,3.60308952487857,20.9895516365141,4.61794943094451e-06,0.000376986925842376
"ENSMUSG00000105556","Gm8357",-1.36494222613975,-0.317541105828137,9.72298845352065,0.00181977378419644,0.0260815618427188
"ENSMUSG00000105632","Gm16032",-1.44821201766627,0.153813612760215,16.5472570390567,4.74525757499276e-05,0.00209133864214302
"ENSMUSG00000105644","Prkab2",-1.1666903891408,-0.116338262728165,9.95412624863795,0.00160489278662829,0.0239583788896742
"ENSMUSG00000024172","Gm25701",-1.62380402868657,-0.726598498924646,9.46051850962081,0.00209941718610838,0.0287152737085602
"ENSMUSG00000024190","Gm25763",1.1915123610819,6.51955672390507,21.7507311191939,3.10471526384859e-06,0.00028133377363364
"ENSMUSG00000024215","Gm24795",2.39507192066443,-0.647082247023594,16.0305020836372,6.23301821089619e-05,0.00251024420080159
"ENSMUSG00000106087","Gm45886",-1.397897158566,-0.0304338748889643,9.40195136089931,0.00216754627042832,0.0293926398017424
"ENSMUSG00000106099","A230108P19Rik",-2.06617297853763,0.0269079666108058,24.8274466521054,6.26983329167883e-07,7.33085088678036e-05
"ENSMUSG00000106262","Gm6653",-1.44285052100998,-0.0459109034102187,14.7124139242435,0.000125219160920881,0.00411859683007103
"ENSMUSG00000106379","Foxo1",-1.12380930458587,1.68804104485734,13.4750179110083,0.000241760882777528,0.00670969751696345
"ENSMUSG00000106604","Eif4ebp1",3.61791962582376,1.40926413819739,87.4937996681223,8.45444169256803e-21,1.70244274216012e-17
"ENSMUSG00000107023","Gm29676",1.01323000055251,2.20388404746954,17.7877577830226,2.46967202311661e-05,0.00127153028621995
"ENSMUSG00000107086","Rp2",-1.28610282165546,-0.486548208382009,10.8006372739471,0.00101465159887718,0.0174133815591393
"ENSMUSG00000024399","Gm22306",1.69983830190961,0.349087686059065,14.8213165006156,0.000118191971152007,0.00394589018502007
"ENSMUSG00000024401","Gm24170",1.79048450717007,2.08367427761596,12.9438392342951,0.000320976059641442,0.00803459824431196
"ENSMUSG00000107171","Gm27036",-2.10500956094332,-0.522550330364441,17.4501239115802,2.94945061771165e-05,0.00145648211293701
"ENSMUSG00000107215","Mroh6",-1.10240512887222,1.96711697227009,10.7278885894732,0.0010553279581969,0.0178912147674485
"ENSMUSG00000107240","4930417O13Rik",-1.09727969175335,0.921514701129108,9.72672271478766,0.00181608020253911,0.0260592411010422
"ENSMUSG00000107548","Slc22a28",-1.44684395005575,0.79501854443915,14.5962482773893,0.000133179424429565,0.00427945161159045
"ENSMUSG00000107614","Olfr448",-1.59692454024705,0.0138406462560876,12.1175722351497,0.000499488906978247,0.0106455171881312
"ENSMUSG00000107771","Gm42958",1.5783666992951,0.422930374505801,13.5534579248966,0.000231863852907867,0.00649469645479022
"ENSMUSG00000024526","Gm25764",1.06202394069524,2.32494713390391,7.99325392790974,0.00469519571158147,0.0488748029184325
"ENSMUSG00000024530","Gm22739",-1.27114391142554,0.595655978796351,14.2173748343658,0.00016285981354052,0.00499409204872223
"ENSMUSG00000107962","Rab10os",-1.51632140664542,1.70419182757038,22.7825898711924,1.81401626320554e-06,0.000177237304538625
"ENSMUSG00000108204","Fzd8",-1.06403721701789,-0.246559745679728,7.93916876035044,0.00483760512587658,0.0498419088665499
"ENSMUSG00000108312","Gm47020",1.37975388312289,0.904886630743152,13.8672675828966,0.000196185735156551,0.00572540109217741
"ENSMUSG00000108329","Gm38275",-1.57848614459356,-0.477154907298441,11.8897535159746,0.000564435904076158,0.0115337447622181
"ENSMUSG00000108422","Slc27a3",-2.86803433304507,-0.470016455794892,16.2305461322688,5.60825103008386e-05,0.00233651341191287
"ENSMUSG00000108425","Gm11100",-1.26605122927578,-0.0775210643085995,11.1320126430105,0.000848504738570058,0.0152857369553729
"ENSMUSG00000024647","Gm22670",-1.29293773628953,1.1275688568856,13.3086605341051,0.000264183022715055,0.00713488525424024
"ENSMUSG00000002688","Gm22056",-1.08635495086772,1.89495294457463,12.6473212791774,0.000376104187162078,0.00888229449947161
"ENSMUSG00000108841","Zswim7",-1.24917450660095,3.8103120755853,19.2846872015077,1.12605835149734e-05,0.000723672180999513
"ENSMUSG00000024743","Mir6405",-1.41770461599886,2.82634613396041,17.4433825831725,2.9599287563631e-05,0.00145768447966218
"ENSMUSG00000109242","Gm8275",3.78935103360851,2.05926481218638,57.3878734225084,3.57806562582603e-14,4.98809871821886e-11
"ENSMUSG00000109321","C030005K06Rik",-1.28203282698445,0.0194143898544847,10.9670105505123,0.00092748262310642,0.0163033633157688
"ENSMUSG00000109394","Gm21129",-1.26701322512959,1.86606612969865,21.0302274627189,4.5209423884803e-06,0.000373663243892278
"ENSMUSG00000109588","Kif3c",-1.48659392870512,0.155199763596565,11.2171390655066,0.000810453390685448,0.0147616550747662
"ENSMUSG00000109764","Gm7768",-2.47373785954247,1.29655191603665,16.5189328121559,4.81667089299407e-05,0.00210343437575257
"ENSMUSG00000110344","Olfr626-ps1",-1.15985857268114,2.20495133123425,13.7137065022133,0.000212895065161916,0.00609073329031494
"ENSMUSG00000110424","4921533I20Rik",-1.01822275021716,0.714049581990192,11.6766669994901,0.00063288808901595,0.0124132368368356
"ENSMUSG00000024992","Gm25578",-1.34780425690009,4.18046439275166,50.9788289711147,9.33675872476411e-13,1.05756298980563e-09
"ENSMUSG00000110634","Rpl36-ps7",-1.27239324392793,3.3498681218995,44.4037566943374,2.67173920009471e-11,2.05921936083324e-08
"ENSMUSG00000110735","Gm43294",-1.73008185396464,2.27558967925201,40.3373461793375,2.136849540175e-10,1.04665200585382e-07
"ENSMUSG00000110824","Mmrn2",-1.28720450822481,-0.0614365798281598,8.87743981581769,0.00288716135647403,0.0351639954727009
"ENSMUSG00000025020","Mir293",-1.16739860693504,0.531320711712429,8.40525812111281,0.00374137269101885,0.0421672246762032
"ENSMUSG00000111325","Rgp1",-1.27569248359605,-0.0866698148947771,9.69100043950348,0.00185172692999316,0.0264242890962725
"ENSMUSG00000111340","Gabra1",-2.11780306560232,1.91497027877247,39.2268479594452,3.77316023214901e-10,1.70952457218091e-07
"ENSMUSG00000111755","Gm26782",-1.26040166792212,2.47821287838254,9.78227628899108,0.00176202043338733,0.0255260562064578
"ENSMUSG00000111760","Gm15536",1.81952567258208,-0.572242163729863,14.5042905506692,0.000139840678081117,0.00443841087366739
"ENSMUSG00000025189","n-R5s52",-1.03403678872333,1.72451346723081,8.83616035991703,0.00295319810027536,0.0356805394475269
"ENSMUSG00000112391","Gm36372",-3.25366250826393,0.623507752488123,8.71081539091105,0.00316327688365401,0.0375287802561318
"ENSMUSG00000112570","Gm21783",1.07693629511293,-0.196517063621263,8.16249705824003,0.00427654506078186,0.0462157579824387
"ENSMUSG00000025329","Gm47300",1.00713092000923,6.71827029991351,13.6353674381007,0.000221964420632106,0.00628540811736821
"ENSMUSG00000112649","Kalrn",-2.1413837344261,1.85462052059809,30.6074101091631,3.15884991237984e-08,7.84216944685751e-06
"ENSMUSG00000002930","Mir7233",-1.50949764956116,0.128987186824789,9.19237558746241,0.00243025277610524,0.0316681666522898
"ENSMUSG00000025422","Gm22752",-1.17357942878186,2.38646064285175,10.1352222643883,0.00145462702543797,0.0223219352938292
"ENSMUSG00000025468","Gm10770",-1.44558314974388,1.46962640386142,12.091016429024,0.000506653466288876,0.0107392757538635
"ENSMUSG00000113337","Gm18079",1.85385019301805,6.36341237018426,42.8764855799581,5.83073072878149e-11,3.91371603695211e-08
"ENSMUSG00000113425","Atp10b",-1.23801044070941,0.557801380621399,11.9989860949931,0.000532295018813968,0.0110800125647204
"ENSMUSG00000113528","Gm47954",-1.18783502288485,0.164294429376031,9.55344143753048,0.00199574893633139,0.0277369309609922
"ENSMUSG00000025582","Gm22468",-1.64586416257904,2.12986075164578,18.3107185058387,1.87648408799845e-05,0.00105613419648434
"ENSMUSG00000025584","Gm23406",-1.40406864651031,3.10205074719396,31.4842529688366,2.01064237725133e-08,5.69357371920716e-06
"ENSMUSG00000025658","Gm22083",-1.18781224106277,0.827781683448571,12.2964864884124,0.000453811787768904,0.0100693594490351
"ENSMUSG00000025739","Gm10434",-1.43136646464554,2.07655734328874,11.3038752360001,0.00077345488720678,0.0142597384749222
"ENSMUSG00000114515","Gm37726",-1.44898239130628,0.0665363370075858,12.306437695389,0.000451398664899244,0.0100693594490351
"ENSMUSG00000025777","Gm24150",-1.39009717523789,1.6137042615107,15.9713536381407,6.43082512620494e-05,0.00256708906965225
"ENSMUSG00000114707","Agtr1b",1.64757037316437,-0.206609995181413,17.3780581935229,3.06342125536267e-05,0.00149582391859158
"ENSMUSG00000114882","Lcn12",-1.78538819827449,0.839477848935724,17.9021929978465,2.32552985650165e-05,0.00122161094461969
"ENSMUSG00000115009","Arhgef18",2.12861683804936,-1.23864401690882,12.3267935172585,0.000446502724379084,0.0100366378299356
"ENSMUSG00000115149","Gm47764",-8.54241522411266,-1.21229899509791,41.0563213954645,1.47905021073621e-10,8.49093249442572e-08
"ENSMUSG00000025892","Gm44346",-1.20380232723654,2.45784483866049,12.8146086182,0.000343923346220937,0.00836633933364033
"ENSMUSG00000025900","Gm23061",-1.30378289249532,6.81819529310567,25.1015374436171,5.43894768137479e-07,6.51841437924314e-05
"ENSMUSG00000025916","Mir7007",-1.25608116181414,0.938037661335002,15.9944225444943,6.35293684357405e-05,0.00255286639503531
"ENSMUSG00000025938","AC133095.1",-1.41252755468622,-0.225616973909278,9.18622104027746,0.00243843807298585,0.0317469922390248
"ENSMUSG00000115624","Gm37066",-1.08165104025171,0.0333403468809924,8.40565102395437,0.00374056416618388,0.0421672246762032
"ENSMUSG00000026043","Gm22099",1.07242833696564,6.17683707567708,21.6761751366556,3.22775327437245e-06,0.000288160456115527
"ENSMUSG00000026058","Gm21921",-1.64982585022381,-0.802644518390929,13.0036157275086,0.000310890083619693,0.00788008529432125
"ENSMUSG00000116665","Gm37564",-1.25754499780131,2.36496887190903,12.116110701585,0.000499880545555353,0.0106455171881312
"ENSMUSG00000003153","Gm22600",-1.07677162969756,2.36596439352286,13.9098375862,0.000191791999873392,0.00565413204887973
"ENSMUSG00000026114","Gm25868",-1.48018602929517,-0.0471404196521313,8.57390854256531,0.0034101431645586,0.0396930151389181
"ENSMUSG00000116908","Cep78",-1.7119626636057,-0.303617306162732,12.14389740806,0.000492487491305861,0.0105750601954219
"ENSMUSG00000026163","Gm44492",-1.11777563132125,4.94417480090821,29.2099921941479,6.49434227580292e-08,1.33746551209519e-05
"ENSMUSG00000117114","2700062C07Rik",-1.23886799014925,-0.327505571761287,8.71799107798904,0.00315085045278566,0.0374445001677603
"ENSMUSG00000117303","Moxd2",-1.46492591123995,-0.222646762914179,10.0876451780836,0.00149266734610012,0.0226943039541715
"ENSMUSG00000026204","Gm24054",-1.31942727741125,3.25065410919183,12.7248589131936,0.000360827075794688,0.00860430144029886
"ENSMUSG00000026220","Gm24321",-1.7488984997022,-0.167600622213241,13.4521042977858,0.000244731531440763,0.00675079078280205
"ENSMUSG00000117465","Dyrk4",1.72925282743644,6.70416238536062,26.287297043244,2.94217519421922e-07,4.16570633162773e-05
"ENSMUSG00000118202","Gm14500",-1.27419558166014,0.150146610787965,11.2492493430301,0.000796552233035137,0.0145817334538341
"ENSMUSG00000026407","Gm23034",-1.69747396925311,1.58895633424165,17.9311955552391,2.29036078071183e-05,0.00120663396595466
"ENSMUSG00000118458","Eno2",-1.2206166049553,0.309974570929183,12.9395699953562,0.000321708900091047,0.00804183502944834
"ENSMUSG00000026417","Gm25874",1.04930626936499,5.2446116072612,16.9281206211276,3.88221893225398e-05,0.00179196496424881
"ENSMUSG00000026442","Gm23390",-1.08073961082831,5.06569464579543,19.2679077597577,1.13599825952882e-05,0.000724918889346507
"ENSMUSG00000026468","Gm22282",-1.66409494744805,1.69283307408262,15.9347406955011,6.55641932952819e-05,0.00259436653949868
"ENSMUSG00000026527","Mir877",-1.19227460951663,1.54971946158647,12.2959792165006,0.000453935147043078,0.0100693594490351
"ENSMUSG00000026587","Gm22822",-1.4894531709761,1.68328238970892,13.4567326917971,0.00024412853023452,0.00674442279487838
"ENSMUSG00000026605","Gm24753",1.33023295458836,3.5118343926261,26.3654134212762,2.82555031295548e-07,4.03208254501513e-05
"ENSMUSG00000026609","Gm24411",-1.17132657060348,4.12717484832851,19.4664293322279,1.02383371366051e-05,0.000674725032460709
"ENSMUSG00000026622","Gm24073",1.1193630652289,1.26526764473946,8.98243963077011,0.00272586465573199,0.0340460683362032
"ENSMUSG00000026628","Gm22242",1.57939000410375,3.1359640531741,27.6933493491654,1.42150581017055e-07,2.4303726224265e-05
"ENSMUSG00000026646","n-R5s164",-1.67791123242232,1.68684724595726,19.4736714022931,1.01995915896895e-05,0.000674624811605631
"ENSMUSG00000026697","n-R5s3",1.21632699155529,3.8128027270911,11.8005077997489,0.000592145676670243,0.0119238401092165
"ENSMUSG00000026764","Mir7-2",-1.16515424640208,4.34032167693629,24.2378870334874,8.51408534209205e-07,9.23820243038254e-05
"ENSMUSG00000026787","Gm23305",-1.60584580246749,1.42927428323341,19.5893016343821,9.60052850498496e-06,0.000637327392292463
"ENSMUSG00000026825","Gm25408",-1.08141728402933,5.59538567143061,16.2629706347645,5.51308835003901e-05,0.00230747575445166
"ENSMUSG00000026828","Gm24654",-1.48350156592599,0.931954208891448,11.1682502667119,0.000832090654601514,0.0150649140193239
"ENSMUSG00000026904","Gm23351",-1.24615793016946,3.38717359879355,42.0358222152171,8.96165881845714e-11,5.60041871609996e-08
"ENSMUSG00000026950","Mir29b-2",-1.59269085035974,2.64747047516701,10.3634115754358,0.00128537447085895,0.020380438788606
"ENSMUSG00000026955","Gm26048",1.42870960923416,1.12498051951001,12.5466525827516,0.00039691668498526,0.00924943117852003
"ENSMUSG00000027220","Hmgn5",-1.42544995538913,2.16783089657872,11.8119461318476,0.000588518837506769,0.0118772014389033
"ENSMUSG00000027221","Gm16471",-1.14602964495994,1.00379479452534,8.48245582226257,0.00358587704433119,0.0408465428500403
"ENSMUSG00000027238","Gm9103",-1.04628393938209,2.94835505203946,16.071082488506,6.10085779124217e-05,0.00248462574720633
"ENSMUSG00000027270","Gm42697",-1.5853087890323,1.96695033292912,11.201250799161,0.000817422142321555,0.0148438291435807
"ENSMUSG00000027331","Gm36903",1.02380051786887,3.57347039991097,12.2133580490698,0.000474485517823488,0.0102949420915474
"ENSMUSG00000027350","Vmn2r-ps83",-1.31762795270309,4.19639301953488,20.5390547589106,5.84269110835114e-06,0.000446780974500623
"ENSMUSG00000003545","Gm26265",1.39776374844428,3.39985414850212,27.3003006781319,1.74184322926788e-07,2.84391214811007e-05
"ENSMUSG00000027400","Cldn34c2",-1.17152369035826,1.8760893631726,8.39171757298768,0.00376934564687119,0.0422950586175037
"ENSMUSG00000027419","Sp4",-1.23945355617716,1.24436354604792,9.89787867660264,0.00165469403631728,0.0244479247136996
"ENSMUSG00000027438","Gm9267",-1.05059365453649,4.76415960718105,19.2737967465258,1.13249971053365e-05,0.000724918889346507
"ENSMUSG00000027459","Bcorl1",1.09833554359926,4.89872877869172,25.2190968174517,5.1172976385748e-07,6.26626926377643e-05
"ENSMUSG00000027469","Gm44822",1.09172413634834,3.62289261283924,10.6828960930086,0.00108130642767616,0.018144922582199
"ENSMUSG00000027496","Gm16025",1.07649517136575,2.60668519966976,12.4664163216116,0.000414334238225062,0.00954354650173317
"ENSMUSG00000027603","Vmn2r-ps85",-1.27085878752231,2.84267732662761,13.8921913151274,0.000193601149403084,0.00567740069681569
"ENSMUSG00000027654","9430021M05Rik",1.69645592450755,0.603629818571502,16.5194981703977,4.81523495059439e-05,0.00210343437575257
"ENSMUSG00000027674","Gm42575",-1.49854577983807,5.06866145769068,29.3698268198705,5.98015332087387e-08,1.25626514569359e-05
"ENSMUSG00000027834","Gm20743",-1.11322076342262,1.90383715126432,11.1276479172746,0.000850503729945827,0.0153065333642584
"ENSMUSG00000027849","Olfr758-ps1",-1.67419138417485,0.70833144283856,18.4924602734033,1.70577770629781e-05,0.00100456701745577
"ENSMUSG00000027950","BC021767",-1.42807332569066,2.1395744092437,20.4038002706951,6.27051508220473e-06,0.000470294342175317
"ENSMUSG00000027977","Spink14",-2.06490818724828,0.847077926718801,29.3535036704682,6.0307381600917e-08,1.25626514569359e-05
"ENSMUSG00000028005","Ireb2",-1.0750142701497,2.76174645949124,14.135489586643,0.000170104076136445,0.0051811700366736
"ENSMUSG00000028051","Gm29513",-1.39344625855832,1.09062864502032,9.7104387942364,0.00183224261198022,0.0262288569169965
"ENSMUSG00000028068","Gm48048",1.14215555314313,3.16276729841785,12.013809623045,0.00052807805094842,0.0110512223063952
"ENSMUSG00000028072","4930519L02Rik",-1.31886852424918,-0.120476944255612,10.05033741476,0.00152320040746625,0.0230425383843997
"ENSMUSG00000028108","Cradd",1.19622506775594,6.7839282996517,12.1025595389675,0.000503526563043905,0.0106952618736829
"ENSMUSG00000028137","Mmp24",-1.66031620731357,3.41729308576323,19.8168723417919,8.52270374002209e-06,0.000585064241971289
"ENSMUSG00000028188","Gm14365",-1.07431077311226,2.31186997782688,18.072475704708,2.12653394716337e-05,0.00114359568915258
"ENSMUSG00000028197","Gm9428",-1.13504329783347,1.29750180153838,9.24098367537395,0.00236657788798653,0.0311348723579295
"ENSMUSG00000028222","Gm43129",-1.07888139306359,2.14879071303017,9.48401234190995,0.00207270165542938,0.0285937799190815
"ENSMUSG00000004031","Gm24402",-1.83551889490306,0.196472207280212,13.8029129791571,0.00020302121083625,0.00586818724718559
"ENSMUSG00000028262","Slc27a6",1.53259141242609,-0.167531508933365,8.94206463141166,0.00278677555175637,0.0345922830989593
"ENSMUSG00000028280","Sdc3",-1.84668810358987,2.16475380288136,18.141602602218,2.05071739682325e-05,0.0011155714704427
"ENSMUSG00000028351","Gm14769",-1.07242014982574,0.941674646896393,8.50682929677553,0.00353816036728295,0.040455571190075
"ENSMUSG00000028444","Gm29367",-1.44553759375289,3.38749654381568,21.6183241812027,3.32658476307303e-06,0.000295303285813681
"ENSMUSG00000028524","Gm18423",-1.11309244316867,4.16731075046272,18.5693765420539,1.63831373805116e-05,0.000976682890615173
"ENSMUSG00000028546","Gm12586",-1.09602294529868,0.640320546520467,9.216155299411,0.0023988878371573,0.0314808430650265
"ENSMUSG00000004110","Gm25253",-1.27358869967447,0.0623359996056396,10.750763494414,0.00104236307227051,0.0177211500551205
"ENSMUSG00000004113","Gm24268",-1.2084432924634,0.992022602030744,8.15184567060788,0.00430173573952588,0.0463497959616097
"ENSMUSG00000028678","Astx3",1.05956834433396,2.13528475034469,8.46761177438243,0.00361525778638466,0.0410779416066766
"ENSMUSG00000028785","4930447C11Rik",-1.2160483500843,2.54416917979327,13.4484877199391,0.000245203754687738,0.00675133712003967
"ENSMUSG00000028794","Gm18413",-1.52275730910506,0.0625204784982075,10.4427824627341,0.00123129643247435,0.0197826110334509
"ENSMUSG00000028804","Airn",-1.55773232370925,0.457093666020709,15.4100952771136,8.65248109842099e-05,0.00316418514962641
"ENSMUSG00000004328","n-R5s182",-1.2292086340394,2.54412721063698,16.3977249952315,5.13468207171802e-05,0.00220078918493743
"ENSMUSG00000028873","Psmc6",1.23794405422188,3.16384121607486,15.2278524012872,9.5287646489388e-05,0.00338056040846277
"ENSMUSG00000028876","Eda",-1.28761563750045,1.49396145407897,10.3754822478928,0.00127699787134106,0.0203009056336088
"ENSMUSG00000028885","Sult1c2-ps2",1.23568184189252,3.55271793975982,15.6412136456343,7.65674949572566e-05,0.00290908325180369
"ENSMUSG00000028989","Gm14391",-1.08418781865313,1.4164004127154,10.0320965455293,0.00153835840062052,0.0232330577453713
"ENSMUSG00000029054","Gm8353",-1.2959172766219,0.431994941855952,9.81803103327502,0.00172809244464352,0.0251779442042557
"ENSMUSG00000029082","Hcfc1r1-ps1",-1.28018797651969,0.741839223410829,14.865716111409,0.000115442162581727,0.00390292752091629
"ENSMUSG00000029121","Dennd4b",-1.0438241688483,3.10028700700317,12.3729949935415,0.000435588314834708,0.00988005886076271
"ENSMUSG00000029161","Gm5621",-1.71310835658408,-0.419396633265246,12.4600817622663,0.0004157417463477,0.00954354650173317
"ENSMUSG00000029177","Traj13",1.17333809428964,3.19425567423768,19.6029050837811,9.53241465917208e-06,0.000636273056310282
"ENSMUSG00000029410","Gm4916",-1.63550558175219,4.7077223187585,36.4270065737082,1.58491856037496e-09,6.38299534881675e-07
"ENSMUSG00000004630","Gm25204",-1.41648797354785,2.41324807115537,12.1396480053868,0.000493610917527796,0.0105763183045013
"ENSMUSG00000029544","Trpm8",-1.49673407654287,3.37031429423996,19.3871355599591,1.06723554909762e-05,0.000693244080870829
"ENSMUSG00000004661","Mir6354",-1.46774007527361,2.78873611421029,29.1534872391345,6.68652848855325e-08,1.36157253705675e-05
"ENSMUSG00000029608","Gm31759",-1.01420481206841,3.94776940696003,7.93301123377937,0.00485409484447832,0.0499550033313348
"ENSMUSG00000004668","Gm26372",-1.20319739696176,0.373035961806785,10.4380068714394,0.00123448412180609,0.0197987218933555
"ENSMUSG00000029712","Ptk2",-1.45855290373105,1.32155383793495,10.8493107803628,0.000988325349140939,0.017079255309669
"ENSMUSG00000029862","Cyp2c67",-1.51833229510701,-0.648122374137437,10.0002814559245,0.00156516302866535,0.0235202732740482
"ENSMUSG00000030236","Cdc14a",-1.70106771441975,-0.25243794277749,14.6883381338028,0.00012682863252229,0.00416397700579974
"ENSMUSG00000030270","Spo11",-1.48517669889974,0.606292916582728,10.022714914259,0.00154621385178341,0.0232821089085836
"ENSMUSG00000030307","Ncapd2",-1.71488722564073,3.23503075207878,22.9099867108028,1.69767528934789e-06,0.000167211789504629
"ENSMUSG00000030310","Gm12193",-1.23996938920668,4.36604254317729,17.2945196722925,3.20108735189959e-05,0.0015511579165368
"ENSMUSG00000004933","Gm25677",-1.08413201332171,1.53956859598606,9.09726303840063,0.00255992273769716,0.0327175456807374
"ENSMUSG00000030402","Gstm7",-1.46436576036031,3.12728445509581,16.4011008372974,5.12554534098022e-05,0.00220078918493743
"ENSMUSG00000030413","Myl4",1.10606513070036,9.49189113256904,12.9049838273546,0.000327708365574138,0.00814071855165828
"ENSMUSG00000030500","Gm13518",-1.02299248673198,1.54578340738325,8.84294179362887,0.00294224511213424,0.0356194443334728
"ENSMUSG00000030592","3110082I17Rik",-1.3321769154859,3.08922664795844,9.85669554051236,0.00169214771328889,0.0248515340420864
"ENSMUSG00000005045","Gm24901",-1.07409225297066,3.37755068603696,17.774117103901,2.48744205343188e-05,0.00127705134091632
"ENSMUSG00000030671","Cmah",-1.12010804380866,0.707832839304716,9.61390362738605,0.00193109716380802,0.0271507167569378
"ENSMUSG00000030683","Gm14987",-1.01417945817507,3.19509458161144,9.32987770531903,0.00225447400113111,0.0302016901102705
"ENSMUSG00000030729","Rpl7l1-ps1",-1.23819251894081,3.33614986696482,26.9029954042277,2.13927071516955e-07,3.28559348906931e-05
"ENSMUSG00000005089","Rn7s1",-1.36889586001862,4.8108177220837,29.4117616432096,5.85213920235371e-08,1.25260276531292e-05
"ENSMUSG00000030787","Ube2e3",-1.23462077712958,-0.0667390056336798,9.10623997978385,0.0025473897042752,0.0326033500074714
"ENSMUSG00000030867","Olfr297",1.28120344991262,1.76123035416478,13.1718228104392,0.00028419015994689,0.00746312760091738
"ENSMUSG00000031028","Gm12132",-1.63068457097383,5.10506706660045,39.1598462234311,3.90489006613892e-10,1.72605665045453e-07
"ENSMUSG00000031142","Gm38293",-1.45604166884169,5.49944986712166,21.7690632363492,3.07518996483406e-06,0.000280058631822551
"ENSMUSG00000031144","Gm26801",-1.08441975366608,5.47006111411627,17.017739537422,3.70322125390104e-05,0.00172972883465073
"ENSMUSG00000031293","Spaca7",-1.03465429632861,6.95740281524209,12.9697739377215,0.000316560242010898,0.00795703365598267
"ENSMUSG00000005338","Gm27740",-1.37612461845795,4.15742051158009,21.3097849582305,3.90731953118018e-06,0.000335603563334495
"ENSMUSG00000031394","Sh3bgr",-1.08326272221321,2.85090507824648,9.31277256670797,0.00227561860012916,0.0303783523165817
"ENSMUSG00000031450","Zfp367",-1.36280175967937,7.5326380882686,20.8426470688196,4.98602702472408e-06,0.000397492608728147
"ENSMUSG00000031576","Gm28502",-1.73259236311994,-0.836670911877194,9.94173024421488,0.001615736078561,0.0240805797300666
"ENSMUSG00000031637","Gm4819",-2.02131650472278,-0.399561970342935,11.695740497165,0.000626433349184151,0.0123534837728666
"ENSMUSG00000031906","Gm11619",-1.12583347193898,1.39205113060334,9.35614872745795,0.00222238635123831,0.0298801500188078
"ENSMUSG00000032033","Dlg2",1.02368988394316,6.01610592301616,32.8814578758801,9.79530971859419e-09,3.06069651776004e-06
"ENSMUSG00000005649","Gm22531",-1.29821867053458,2.91964912569998,13.3267051073319,0.000261652874364982,0.00707751498823369
"ENSMUSG00000032087","Gm43005",-1.51485033553111,4.3200591738904,21.2431758214006,4.04548103610621e-06,0.000342029138305579
"ENSMUSG00000032101","Tmem184a",-1.11657775863838,1.52868563568532,9.17259863006847,0.00245665496033224,0.0318469244462567
"ENSMUSG00000032181","Gm12059",-1.36184611209219,3.26591226119151,18.0778539830691,2.12053548146871e-05,0.00114359568915258
"ENSMUSG00000032218","Cldn1",1.21401874534968,3.27990026865705,13.5162901512753,0.000236501484279921,0.00659402523016155
"ENSMUSG00000032259","Acsl4",-1.56964520547206,1.16745637488397,11.4004888941806,0.000734247802344267,0.0137609746791464
"ENSMUSG00000032313","Gm28806",-1.03569937688426,1.88290071756001,8.54894553088618,0.00345722434023591,0.0400609186177081
"ENSMUSG00000032338","Gm49610",-1.78010435054103,-0.0416132588107188,12.8379901225577,0.000339652251393573,0.00830704150068249
"ENSMUSG00000032356","Vmn2r1",-1.08704778725,5.05089660979898,16.3969605068055,5.13675343612279e-05,0.00220078918493743
"ENSMUSG00000032495","Gm12869",-1.86220434472265,1.92903639408789,24.1738081635835,8.80212477475273e-07,9.43910694040496e-05
"ENSMUSG00000032496","Slc24a4",1.98117053078937,7.05678679078838,13.684326214018,0.00021625184112662,0.00617186160116178
"ENSMUSG00000032783","Dgkk",1.29541284959643,1.30878553585456,11.7185214388673,0.000618811012795093,0.0122699255852139
"ENSMUSG00000032839","Syce1l",-1.21498453663557,3.74521634922423,33.4951614599194,7.1441496136266e-09,2.42040076868524e-06
"ENSMUSG00000032890","Sh3glb1",-1.32621649013941,2.93314880007147,18.6381861311249,1.58023428255544e-05,0.000948297546448752
"ENSMUSG00000032908","Gm48116",-1.45224349147268,0.607513852512999,12.4181244423761,0.000425187046233915,0.00970486755528619
"ENSMUSG00000032936","Tuba4a",-1.64279976655794,3.06602782910786,16.9263199715001,3.88590316696894e-05,0.00179196496424881
"ENSMUSG00000033007","Gm45907",-1.48987094710709,1.78675002000156,11.4912233279583,0.000699255977855125,0.0133115715196097
"ENSMUSG00000033080","BB557941",-1.36901216539531,0.322314394735237,12.0770110053559,0.000510473714016583,0.0107842248566482
"ENSMUSG00000033419","Cd40",-1.08650084020599,4.98229788887619,18.9071631489668,1.37236392890431e-05,0.000848851586468699
"ENSMUSG00000033569","Gm5646",-1.41131248042056,1.26338470115964,10.7588284323903,0.00103783059018746,0.0176606608318941
"ENSMUSG00000033765","Gm38191",3.09504760583414,-0.137013636183979,12.9874577215753,0.000313584453147103,0.00792421395857974
"ENSMUSG00000033849","Gm28640",-1.01803523012201,2.60153241940711,14.5834657284471,0.000134085899091887,0.00429335468064006
"ENSMUSG00000033949","4931415C17Rik",-1.06943682441022,1.64957702955521,12.7388164828005,0.000358144253362249,0.00856286055894991
"ENSMUSG00000033981","Gm8278",-1.69770855258182,2.78061154408167,30.6227600432937,3.13395740011106e-08,7.84216944685751e-06
"ENSMUSG00000034059","Alg14",-1.20758672290814,2.17023295474024,14.5874854467158,0.000133800173141185,0.0042917885625446
"ENSMUSG00000034098","Zfp808",-1.45470574324276,1.40590648779442,14.8766164219784,0.000114776974719966,0.00389532418136694
"ENSMUSG00000006204","Gm26445",-1.57177609203535,3.16261031280896,21.237432545185,4.05762096428292e-06,0.000342029138305579
"ENSMUSG00000034145","Ell2",-1.301904970129,1.25322379848376,11.316685307772,0.00076813711559904,0.0142050499448994
"ENSMUSG00000034413","Mapkbp1",1.04425993499032,1.1150447782809,8.3790824247681,0.00379564002874617,0.0423314193346069
"ENSMUSG00000034701","Gm10247",-1.73757660086752,4.61887223891992,33.3349558579053,7.75756154684009e-09,2.51054085559612e-06
"ENSMUSG00000034774","Gng2",-1.01132677521224,2.90338565595353,18.0298010291358,2.17473786429399e-05,0.00116455892600904
"ENSMUSG00000034796","Gtf2e2",-2.11519221073904,0.968998877869789,26.5979001778188,2.50515880473054e-07,3.66137040468802e-05
"ENSMUSG00000034936","Gm43417",-1.20612650645613,3.61744945124549,17.2579718929465,3.26325494743021e-05,0.00157287152692228
"ENSMUSG00000034958","Fbln1",-1.02332112470798,2.0468084338962,8.33149852322982,0.00389635040046906,0.0432416156201474
"ENSMUSG00000006398","Gm22668",1.48732772073335,3.15444416747689,26.1547860999719,3.15115092263299e-07,4.32638698264225e-05
"ENSMUSG00000035270","Gm48691",-1.07927056629688,4.78458057367513,13.1513424491377,0.00028731332176448,0.00747768670216536
